acc_ref,beat_no,severity,no_vehicle,no_casualt,a_date,a_day,a_date_day,a_date_mon,a_date_yr,a_time_hr,a_time_min,loc_auth,road1_class,road1_no,road_type,speed_limi,junc_det,junc_ctrl,road2_class,road2_no,light_cond,weather,road_surf,spec_cond,cway_hzrds,ovrtk_patrn,easting,northing,net_id,net_type,acc_type,text_id,division,Postcode,ped_xing_hc,ped_xing_p,place_reported,latitude,longitude,geojson
70812,,Slight,2,1,03/02/2012,Friday,3,February,12,20,0,230,C,,Single carriageway - 2 lanes,30,Not at or within 20 metres of junction,unset,\,,Darkness: street lights present and lit,Other,Dry,Road works present,None,No overtaking,322740,672740,559290,Segment,T.V.N.P.,356794,unset,EH125NB,No crossing facility within 50m or physical crossing facility not controlled by authorised person,No physical crossing facility within 50m,At scene,55.9415303461,-3.23706880827,"{""type"": ""Feature"",""geometry"": {""type"": ""Point"",""coordinates"": -3.23706880827, 55.9415303461}}"
72212,,Serious,2,2,04/02/2012,Saturday,4,February,12,4,30,230,A,71,Dual carriageway - 2 lanes,40,Roundabout,Give way sign or markings,C,,Darkness: street lights present and lit,Fine (without high winds),Dry,None,None,No overtaking,320680,671100,529513,Junction,T.V.N.P.,356795,unset,EH113RQ,No crossing facility within 50m or physical crossing facility not controlled by authorised person,No physical crossing facility within 50m,At scene,55.9264616876,-3.26956209937,"{""type"": ""Feature"",""geometry"": {""type"": ""Point"",""coordinates"": -3.26956209937, 55.9264616876}}"
72312,,Slight,1,1,04/02/2012,Saturday,4,February,12,17,20,230,Unclassified,,Single carriageway - 2 lanes,30,'T' or staggered junction,Automatic Traffic Signal,Unclassified,,Darkness: street lights present and lit,Fine (without high winds),Dry,None,None,No overtaking,322360,671100,523488,Junction,Pedestrian,356796,unset,EH141QA,No crossing facility within 50m or physical crossing facility not controlled by authorised person,Pedestrian phase at traffic signal junction,At scene,55.9267358079,-3.2426799243,"{""type"": ""Feature"",""geometry"": {""type"": ""Point"",""coordinates"": -3.2426799243, 55.9267358079}}"
72512,,Slight,2,1,03/02/2012,Friday,3,February,12,16,30,230,Unclassified,,Single carriageway - 2 lanes,30,Not at or within 20 metres of junction,unset,\,,Daylight: street lights present,Fine (without high winds),Dry,None,None,No overtaking,328700,671480,0,Unset,Cyclist,356797,unset,EH164BT,No crossing facility within 50m or physical crossing facility not controlled by authorised person,No physical crossing facility within 50m,Elsewhere,55.9311314016,-3.1413279943,"{""type"": ""Feature"",""geometry"": {""type"": ""Point"",""coordinates"": -3.1413279943, 55.9311314016}}"
72712,,Slight,1,1,04/02/2012,Saturday,4,February,12,14,41,230,Unclassified,,Single carriageway - 2 lanes,30,Other junction,Give way sign or markings,B,701,Daylight: street lights present,Raining (without high winds),Dry,None,None,No overtaking,327750,668200,530296,Junction,Pedestrian,356798,unset,EH178HW,No crossing facility within 50m or physical crossing facility not controlled by authorised person,No physical crossing facility within 50m,At scene,55.9015219617,-3.15565455966,"{""type"": ""Feature"",""geometry"": {""type"": ""Point"",""coordinates"": -3.15565455966, 55.9015219617}}"
74112,,Slight,2,1,05/02/2012,Sunday,5,February,12,3,0,230,B,1350,Single carriageway - 2 lanes,30,Crossroads,Automatic Traffic Signal,C,,Darkness: street lights present and lit,Other,Dry,None,None,No overtaking,326930,674470,520680,Junction,Pedestrian,356799,unset,EH75AP,No crossing facility within 50m or physical crossing facility not controlled by authorised person,No physical crossing facility within 50m,At scene,55.9577277387,-3.17046452068,"{""type"": ""Feature"",""geometry"": {""type"": ""Point"",""coordinates"": -3.17046452068, 55.9577277387}}"
74912,,Serious,1,1,06/02/2012,Monday,6,February,12,8,50,230,A,772,Single carriageway - 2 lanes,30,Crossroads,Automatic Traffic Signal,A,772,Daylight: no street lighting,Fine (without high winds),Dry,None,None,No overtaking,329230,668690,530257,Junction,Pedestrian,356800,unset,EH178QQ,No crossing facility within 50m or physical crossing facility not controlled by authorised person,Pedestrian phase at traffic signal junction,At scene,55.9061440234,-3.13211511716,"{""type"": ""Feature"",""geometry"": {""type"": ""Point"",""coordinates"": -3.13211511716, 55.9061440234}}"
75312,,Slight,3,3,06/02/2012,Monday,6,February,12,7,55,230,A,720,Dual carriageway - 2 lanes,70,Not at or within 20 metres of junction,unset,\,,Darkness: no street lighting,Fine (without high winds),Dry,None,None,No overtaking,322520,668040,570540,Segment,M.V.N.P.,356801,unset,EH139QP,No crossing facility within 50m or physical crossing facility not controlled by authorised person,No physical crossing facility within 50m,At scene,55.8992712723,-3.23924246703,"{""type"": ""Feature"",""geometry"": {""type"": ""Point"",""coordinates"": -3.23924246703, 55.8992712723}}"
75612,,Slight,2,1,06/02/2012,Monday,6,February,12,8,40,230,A,900,Roundabout,30,Roundabout,Give way sign or markings,C,,Daylight: no street lighting,Other,Dry,None,None,No overtaking,325990,674350,520620,Junction,T.V.N.P.,356802,unset,EH13JT,No crossing facility within 50m or physical crossing facility not controlled by authorised person,No physical crossing facility within 50m,At scene,55.9565057821,-3.18548526241,"{""type"": ""Feature"",""geometry"": {""type"": ""Point"",""coordinates"": -3.18548526241, 55.9565057821}}"
75712,,Slight,2,1,29/01/2012,Sunday,29,January,12,20,30,230,C,,Single carriageway - 2 lanes,30,Other junction,Give way sign or markings,Unclassified,,Darkness: street lights present and lit,Unknown,Dry,None,None,No overtaking,320840,670990,530461,Junction,Cyclist,354433,unset,EH142AJ,No crossing facility within 50m or physical crossing facility not controlled by authorised person,No physical crossing facility within 50m,Elsewhere,55.9254998446,-3.26696966796,"{""type"": ""Feature"",""geometry"": {""type"": ""Point"",""coordinates"": -3.26696966796, 55.9254998446}}"
76412,,Serious,2,1,31/01/2012,Tuesday,31,January,12,9,5,230,A,900,Dual carriageway - 2 lanes,30,'T' or staggered junction,Give way sign or markings,Unclassified,,Daylight: street lights present,Fine (without high winds),Dry,None,None,No overtaking,326910,675820,519493,Junction,Cyclist,354434,unset,EH65AA,No crossing facility within 50m or physical crossing facility not controlled by authorised person,Pedestrian phase at traffic signal junction,Elsewhere,55.9698529919,-3.17115107447,"{""type"": ""Feature"",""geometry"": {""type"": ""Point"",""coordinates"": -3.17115107447, 55.9698529919}}"
77212,,Slight,2,1,06/02/2012,Monday,6,February,12,17,20,230,A,8,Dual carriageway - 2 lanes,40,Not at or within 20 metres of junction,unset,\,,Darkness: street lights present and lit,Other,Dry,None,None,No overtaking,317050,672490,550815,Segment,T.V.N.P.,356803,unset,EH129BQ,No crossing facility within 50m or physical crossing facility not controlled by authorised person,No physical crossing facility within 50m,Elsewhere,55.9383363373,-3.32807229886,"{""type"": ""Feature"",""geometry"": {""type"": ""Point"",""coordinates"": -3.32807229886, 55.9383363373}}"
77712,,Serious,1,1,06/02/2012,Monday,6,February,12,14,30,230,A,901,Single carriageway - 2 lanes,30,Not at or within 20 metres of junction,unset,\,,Daylight: street lights present,Fine (without high winds),Dry,None,None,No overtaking,326920,675940,558734,Segment,Pedestrian,356804,unset,EH65HX,No crossing facility within 50m or physical crossing facility not controlled by authorised person,No physical crossing facility within 50m,At scene,55.9709325835,-3.17102344372,"{""type"": ""Feature"",""geometry"": {""type"": ""Point"",""coordinates"": -3.17102344372, 55.9709325835}}"
77912,,Serious,2,1,07/02/2012,Tuesday,7,February,12,9,0,230,Unclassified,,Single carriageway - 2 lanes,30,'T' or staggered junction,Give way sign or markings,Unclassified,,Daylight: street lights present,Fine (without high winds),Dry,None,None,No overtaking,326090,672930,532711,Junction,Cyclist,356805,unset,EH89JR,No crossing facility within 50m or physical crossing facility not controlled by authorised person,"Pelican, puffin, toucan or similar non-junction pedestrian light crossing",Elsewhere,55.9437640361,-3.18349461918,"{""type"": ""Feature"",""geometry"": {""type"": ""Point"",""coordinates"": -3.18349461918, 55.9437640361}}"
78112,,Slight,2,1,03/02/2012,Friday,3,February,12,18,15,230,A,8,Single carriageway - 2 lanes,30,'T' or staggered junction,Give way sign or markings,Unclassified,,Darkness: street lights present and lit,Fine (without high winds),Dry,None,None,No overtaking,319770,672970,521700,Junction,T.V.N.P.,356806,unset,EH128AY,Control by other authorised person,Pedestrian phase at traffic signal junction,At scene,55.9431100587,-3.2846789518,"{""type"": ""Feature"",""geometry"": {""type"": ""Point"",""coordinates"": -3.2846789518, 55.9431100587}}"
79012,,Slight,1,1,07/02/2012,Tuesday,7,February,12,11,6,230,Unclassified,,Single carriageway - 2 lanes,20,'T' or staggered junction,Give way sign or markings,Unclassified,,Daylight: street lights present,Fine (without high winds),Dry,None,None,No overtaking,323300,669090,12227042,Junction,S.V.N.P.,356807,unset,EH139BQ,Control by other authorised person,Pedestrian phase at traffic signal junction,At scene,55.9088291787,-3.22706791383,"{""type"": ""Feature"",""geometry"": {""type"": ""Point"",""coordinates"": -3.22706791383, 55.9088291787}}"
79112,,Slight,1,1,07/02/2012,Tuesday,7,February,12,13,40,230,A,1,Single carriageway - 2 lanes,30,Not at or within 20 metres of junction,unset,\,,Daylight: no street lighting,Fine (without high winds),Dry,None,None,No overtaking,329020,673390,2106163,Segment,Bus,356808,unset,EH87QQ,No crossing facility within 50m or physical crossing facility not controlled by authorised person,Pedestrian phase at traffic signal junction,At scene,55.9483383078,-3.13670922771,"{""type"": ""Feature"",""geometry"": {""type"": ""Point"",""coordinates"": -3.13670922771, 55.9483383078}}"
79812,,Slight,2,5,06/02/2012,Monday,6,February,12,22,5,230,A,8,Single carriageway - 2 lanes,30,Not at or within 20 metres of junction,unset,\,,Darkness: street lights present and lit,Fine (without high winds),Dry,None,None,No overtaking,320980,672860,550713,Segment,T.V.N.P.,356809,unset,EH127AY,No crossing facility within 50m or physical crossing facility not controlled by authorised person,"Pelican, puffin, toucan or similar non-junction pedestrian light crossing",At scene,55.9423222951,-3.2652770184,"{""type"": ""Feature"",""geometry"": {""type"": ""Point"",""coordinates"": -3.2652770184, 55.9423222951}}"
79912,,Fatal,1,1,07/02/2012,Tuesday,7,February,12,18,20,230,C,,Single carriageway - 2 lanes,30,'T' or staggered junction,Give way sign or markings,Unclassified,,Darkness: street lights present and lit,Fine (without high winds),Dry,None,None,No overtaking,319900,672680,521682,Junction,Pedestrian,356810,unset,EH127SX,Control by other authorised person,Pedestrian phase at traffic signal junction,At scene,55.9405265011,-3.28251181656,"{""type"": ""Feature"",""geometry"": {""type"": ""Point"",""coordinates"": -3.28251181656, 55.9405265011}}"
81512,,Serious,2,1,08/02/2012,Wednesday,8,February,12,8,55,230,A,7,Single carriageway - 2 lanes,30,Crossroads,Automatic Traffic Signal,Unclassified,,Daylight: street lights present,Fine (without high winds),Dry,None,None,No overtaking,326330,672610,532690,Junction,Cyclist,356811,unset,EH89PR,No crossing facility within 50m or physical crossing facility not controlled by authorised person,Pedestrian phase at traffic signal junction,At scene,55.9409260234,-3.17956511424,"{""type"": ""Feature"",""geometry"": {""type"": ""Point"",""coordinates"": -3.17956511424, 55.9409260234}}"
81912,,Serious,1,1,08/02/2012,Wednesday,8,February,12,17,0,230,A,702,Single carriageway - 2 lanes,30,Other junction,Give way sign or markings,Unclassified,,Daylight: street lights present,Fine (without high winds),Dry,None,None,No overtaking,324920,672640,533323,Junction,Pedestrian,356812,unset,EH39LH,No crossing facility within 50m or physical crossing facility not controlled by authorised person,"Pelican, puffin, toucan or similar non-junction pedestrian light crossing",At scene,55.9409773906,-3.20214410181,"{""type"": ""Feature"",""geometry"": {""type"": ""Point"",""coordinates"": -3.20214410181, 55.9409773906}}"
82012,,Slight,1,1,08/02/2012,Wednesday,8,February,12,17,59,230,Unclassified,,Single carriageway - 2 lanes,30,Not at or within 20 metres of junction,unset,\,,Darkness: street lights present and lit,Fine (without high winds),Dry,None,None,No overtaking,319820,672160,0,Unset,Bus,356813,unset,EH127PB,No crossing facility within 50m or physical crossing facility not controlled by authorised person,"Pelican, puffin, toucan or similar non-junction pedestrian light crossing",At scene,55.9358417025,-3.28363785461,"{""type"": ""Feature"",""geometry"": {""type"": ""Point"",""coordinates"": -3.28363785461, 55.9358417025}}"
82512,,Slight,1,1,06/02/2012,Monday,6,February,12,14,45,230,Unclassified,,Single carriageway - 2 lanes,30,Crossroads,Give way sign or markings,Unclassified,,Daylight: no street lighting,Fine (without high winds),Dry,None,None,No overtaking,328700,669400,12246488,Junction,Pedestrian,356814,unset,EH177LQ,Control by other authorised person,Pedestrian phase at traffic signal junction,At scene,55.9124445177,-3.1407789624,"{""type"": ""Feature"",""geometry"": {""type"": ""Point"",""coordinates"": -3.1407789624, 55.9124445177}}"
82612,,Slight,2,1,09/02/2012,Thursday,9,February,12,2,45,230,C,,Single carriageway - 2 lanes,30,Not at or within 20 metres of junction,unset,\,,Daylight: no street lighting,Raining (without high winds),Dry,None,None,No overtaking,327520,675780,2106439,Segment,T.V.N.P.,356815,unset,EH67ES,No crossing facility within 50m or physical crossing facility not controlled by authorised person,No physical crossing facility within 50m,At scene,55.9695860936,-3.16136829673,"{""type"": ""Feature"",""geometry"": {""type"": ""Point"",""coordinates"": -3.16136829673, 55.9695860936}}"
84512,,Slight,2,1,09/02/2012,Thursday,9,February,12,12,0,230,C,,Single carriageway - 2 lanes,30,Other junction,Automatic Traffic Signal,C,,Daylight: street lights present,Raining (without high winds),Dry,None,None,No overtaking,325320,674040,520512,Junction,Bus,356816,unset,EH22HN,No crossing facility within 50m or physical crossing facility not controlled by authorised person,Central refuge - no other controls,At scene,55.9536171094,-3.19612875469,"{""type"": ""Feature"",""geometry"": {""type"": ""Point"",""coordinates"": -3.19612875469, 55.9536171094}}"
85312,,Slight,1,1,08/02/2012,Wednesday,8,February,12,17,45,230,B,701,Single carriageway - 2 lanes,30,'T' or staggered junction,Automatic Traffic Signal,Unclassified,,Darkness: street lights present and lit,Fine (without high winds),Dry,None,None,No overtaking,319620,669940,12201412,Junction,Pedestrian,356817,unset,EH142SW,No crossing facility within 50m or physical crossing facility not controlled by authorised person,Pedestrian phase at traffic signal junction,At scene,55.9158647409,-3.28617806521,"{""type"": ""Feature"",""geometry"": {""type"": ""Point"",""coordinates"": -3.28617806521, 55.9158647409}}"
89612,,Serious,1,1,30/01/2012,Monday,30,January,12,13,30,230,Unclassified,,Single carriageway - 2 lanes,30,Not at or within 20 metres of junction,unset,\,,Daylight: street lights present,Fine (without high winds),Dry,None,None,No overtaking,328450,675460,0,Unset,Pedestrian,354435,unset,EH67LG,No crossing facility within 50m or physical crossing facility not controlled by authorised person,No physical crossing facility within 50m,Elsewhere,55.9668506858,-3.14638499915,"{""type"": ""Feature"",""geometry"": {""type"": ""Point"",""coordinates"": -3.14638499915, 55.9668506858}}"
91412,,Slight,2,1,13/02/2012,Monday,13,February,12,20,50,230,A,90,Single carriageway - 2 lanes,30,Not at or within 20 metres of junction,unset,\,,Darkness: street lights present and lit,Fine (without high winds),Dry,None,None,No overtaking,324170,674220,555594,Segment,T.V.N.P.,356818,unset,EH41PU,No crossing facility within 50m or physical crossing facility not controlled by authorised person,No physical crossing facility within 50m,At scene,55.9550540793,-3.21459399971,"{""type"": ""Feature"",""geometry"": {""type"": ""Point"",""coordinates"": -3.21459399971, 55.9550540793}}"
91612,,Serious,1,1,13/02/2012,Monday,13,February,12,17,0,230,Unclassified,,Single carriageway - 2 lanes,20,'T' or staggered junction,Give way sign or markings,Unclassified,,Daylight: no street lighting,Fine (without high winds),Dry,None,None,No overtaking,326970,676370,12238575,Junction,Pedestrian,356819,unset,EH66ED,Control by other authorised person,Pedestrian phase at traffic signal junction,At scene,55.9748032725,-3.1703390712,"{""type"": ""Feature"",""geometry"": {""type"": ""Point"",""coordinates"": -3.1703390712, 55.9748032725}}"
92012,,Slight,1,1,07/02/2012,Tuesday,7,February,12,18,30,230,C,,Single carriageway - 2 lanes,30,Not at or within 20 metres of junction,unset,\,,Darkness: street lights present and lit,Fine (without high winds),Dry,None,None,No overtaking,326980,674880,2106481,Segment,Bus,356820,unset,EH75QA,No crossing facility within 50m or physical crossing facility not controlled by authorised person,No physical crossing facility within 50m,At scene,55.9614187534,-3.16977488709,"{""type"": ""Feature"",""geometry"": {""type"": ""Point"",""coordinates"": -3.16977488709, 55.9614187534}}"
92312,,Slight,4,1,12/02/2012,Sunday,12,February,12,8,40,230,Unclassified,,Single carriageway - 2 lanes,30,Not at or within 20 metres of junction,unset,\,,Daylight: street lights present,Fine (without high winds),Dry,None,None,No overtaking,328730,674460,0,Unset,M.V.N.P.,356821,unset,EH76PE,No crossing facility within 50m or physical crossing facility not controlled by authorised person,No physical crossing facility within 50m,At scene,55.9579083026,-3.14163527469,"{""type"": ""Feature"",""geometry"": {""type"": ""Point"",""coordinates"": -3.14163527469, 55.9579083026}}"
93812,,Slight,1,1,14/02/2012,Tuesday,14,February,12,14,32,230,A,701,Single carriageway - 2 lanes,30,Not at or within 20 metres of junction,unset,\,,Daylight: street lights present,Fine (without high winds),Dry,None,None,No overtaking,327390,668040,570793,Segment,Pedestrian,356822,unset,EH178AF,No crossing facility within 50m or physical crossing facility not controlled by authorised person,Pedestrian phase at traffic signal junction,At scene,55.9000303531,-3.16136855989,"{""type"": ""Feature"",""geometry"": {""type"": ""Point"",""coordinates"": -3.16136855989, 55.9000303531}}"
94612,,Slight,2,1,14/02/2012,Tuesday,14,February,12,17,20,230,A,1,Single carriageway - 2 lanes,30,Other junction,Give way sign or markings,Unclassified,,Daylight: street lights present,Fine (without high winds),Dry,None,None,No overtaking,329490,672780,523713,Junction,Bus,356823,unset,EH151RD,No crossing facility within 50m or physical crossing facility not controlled by authorised person,No physical crossing facility within 50m,Elsewhere,55.9429272053,-3.1290245909,"{""type"": ""Feature"",""geometry"": {""type"": ""Point"",""coordinates"": -3.1290245909, 55.9429272053}}"
95212,,Slight,1,1,15/02/2012,Wednesday,15,February,12,11,20,230,Unclassified,,One way Street,30,Other junction,Automatic Traffic Signal,Unclassified,,Daylight: street lights present,Fine (without high winds),Dry,None,None,No overtaking,325090,673210,521478,Junction,Pedestrian,356824,unset,EH39DN,No crossing facility within 50m or physical crossing facility not controlled by authorised person,No physical crossing facility within 50m,Elsewhere,55.9461247116,-3.19958110778,"{""type"": ""Feature"",""geometry"": {""type"": ""Point"",""coordinates"": -3.19958110778, 55.9461247116}}"
95512,,Slight,1,1,14/02/2012,Tuesday,14,February,12,17,5,230,Unclassified,,One way Street,30,Not at or within 20 metres of junction,unset,\,,Daylight: street lights present,Fine (without high winds),Dry,None,None,No overtaking,326040,673200,569709,Segment,Bus,356825,unset,EH89BH,No crossing facility within 50m or physical crossing facility not controlled by authorised person,No physical crossing facility within 50m,Elsewhere,55.9461820002,-3.18436909489,"{""type"": ""Feature"",""geometry"": {""type"": ""Point"",""coordinates"": -3.18436909489, 55.9461820002}}"
95712,,Serious,1,1,15/02/2012,Wednesday,15,February,12,11,15,230,Unclassified,,Single carriageway - 2 lanes,30,Other junction,Give way sign or markings,Unclassified,,Daylight: street lights present,Fine (without high winds),Dry,None,None,No overtaking,320740,675450,519759,Junction,Pedestrian,356826,unset,EH45AA,No crossing facility within 50m or physical crossing facility not controlled by authorised person,"Pelican, puffin, toucan or similar non-junction pedestrian light crossing",At scene,55.9655503267,-3.26988038039,"{""type"": ""Feature"",""geometry"": {""type"": ""Point"",""coordinates"": -3.26988038039, 55.9655503267}}"
96912,,Slight,1,1,14/02/2012,Tuesday,14,February,12,17,47,230,Unclassified,,Single carriageway - 2 lanes,30,'T' or staggered junction,Give way sign or markings,C,,Daylight: no street lighting,Fine (without high winds),Dry,None,None,No overtaking,325290,673290,521484,Junction,Pedestrian,356827,unset,EH12HU,Control by other authorised person,Pedestrian phase at traffic signal junction,Elsewhere,55.946874551,-3.19640132898,"{""type"": ""Feature"",""geometry"": {""type"": ""Point"",""coordinates"": -3.19640132898, 55.946874551}}"
97112,,Serious,1,1,14/02/2012,Tuesday,14,February,12,21,40,230,A,6095,Single carriageway - 2 lanes,30,Roundabout,Give way sign or markings,Unclassified,,Daylight: no street lighting,Fine (without high winds),Dry,None,None,No overtaking,331030,671630,530053,Junction,S.V.N.P.,356828,unset,EH153HW,Control by other authorised person,Pedestrian phase at traffic signal junction,At scene,55.9328188447,-3.10407698304,"{""type"": ""Feature"",""geometry"": {""type"": ""Point"",""coordinates"": -3.10407698304, 55.9328188447}}"
97312,,Slight,1,1,28/01/2012,Saturday,28,January,12,0,10,230,C,,Single carriageway - 2 lanes,30,Not at or within 20 metres of junction,unset,\,,Daylight: no street lighting,Fine (without high winds),Dry,None,None,No overtaking,325000,673010,567099,Segment,Pedestrian,354436,unset,EH39JG,No crossing facility within 50m or physical crossing facility not controlled by authorised person,No physical crossing facility within 50m,At scene,55.9443139054,-3.20096636545,"{""type"": ""Feature"",""geometry"": {""type"": ""Point"",""coordinates"": -3.20096636545, 55.9443139054}}"
97912,,Slight,2,1,16/02/2012,Thursday,16,February,12,9,15,230,A,720,Dual carriageway - 2 lanes,70,Slip road,Stop sign,A,720,Daylight: no street lighting,Fine (without high winds),Dry,None,None,No overtaking,320220,669100,2578901,Junction,T.V.N.P.,356829,unset,EH143BR,No crossing facility within 50m or physical crossing facility not controlled by authorised person,No physical crossing facility within 50m,At scene,55.9084183354,-3.27633208085,"{""type"": ""Feature"",""geometry"": {""type"": ""Point"",""coordinates"": -3.27633208085, 55.9084183354}}"
98512,,Slight,2,1,16/02/2012,Thursday,16,February,12,17,5,230,C,,Single carriageway - 2 lanes,30,Not at or within 20 metres of junction,unset,\,,Daylight: street lights present,Fine (without high winds),Dry,None,None,No overtaking,328800,671670,523773,Junction,T.V.N.P.,356830,unset,EH164BE,No crossing facility within 50m or physical crossing facility not controlled by authorised person,Pedestrian phase at traffic signal junction,Elsewhere,55.9328531907,-3.13977772416,"{""type"": ""Feature"",""geometry"": {""type"": ""Point"",""coordinates"": -3.13977772416, 55.9328531907}}"
98812,,Slight,1,2,15/02/2012,Wednesday,15,February,12,3,55,230,Unclassified,,Single carriageway - 2 lanes,30,'T' or staggered junction,Give way sign or markings,A,1140,Darkness: street lights present and lit,Fine (without high winds),Dry,None,None,No overtaking,329030,674250,523440,Junction,S.V.N.P.,356831,unset,EH76PX,No crossing facility within 50m or physical crossing facility not controlled by authorised person,No physical crossing facility within 50m,At scene,55.9560660659,-3.13677550672,"{""type"": ""Feature"",""geometry"": {""type"": ""Point"",""coordinates"": -3.13677550672, 55.9560660659}}"
98912,,Slight,2,1,17/02/2012,Friday,17,February,12,2,15,230,A,720,Dual carriageway - 2 lanes,70,Not at or within 20 metres of junction,unset,\,,Darkness: no street lighting,Fine (without high winds),Dry,None,None,No overtaking,322770,668050,570552,Segment,T.V.N.P.,356832,unset,EH139QP,No crossing facility within 50m or physical crossing facility not controlled by authorised person,No physical crossing facility within 50m,At scene,55.8994012764,-3.23524778017,"{""type"": ""Feature"",""geometry"": {""type"": ""Point"",""coordinates"": -3.23524778017, 55.8994012764}}"
99112,,Slight,2,1,09/02/2012,Thursday,9,February,12,16,4,230,Unclassified,,Single carriageway - 2 lanes,40,'T' or staggered junction,Give way sign or markings,Unclassified,,Daylight: street lights present,Fine (without high winds),Dry,None,None,No overtaking,315970,666940,517921,Junction,T.V.N.P.,356833,unset,EH147BP,No crossing facility within 50m or physical crossing facility not controlled by authorised person,No physical crossing facility within 50m,At scene,55.8882909235,-3.34363277099,"{""type"": ""Feature"",""geometry"": {""type"": ""Point"",""coordinates"": -3.34363277099, 55.8882909235}}"
99412,,Slight,2,2,31/01/2012,Tuesday,31,January,12,21,40,230,Unclassified,,Single carriageway - 2 lanes,30,Not at or within 20 metres of junction,unset,\,,Darkness: street lights present and lit,Fine (without high winds),Dry,None,None,No overtaking,326310,672300,563158,Segment,T.V.N.P.,354437,unset,EH91PY,No crossing facility within 50m or physical crossing facility not controlled by authorised person,No physical crossing facility within 50m,Elsewhere,55.9381379399,-3.17980060278,"{""type"": ""Feature"",""geometry"": {""type"": ""Point"",""coordinates"": -3.17980060278, 55.9381379399}}"
100112,,Slight,1,1,15/02/2012,Wednesday,15,February,12,6,40,230,A,902,Roundabout,40,Roundabout,Give way sign or markings,Unclassified,,Darkness: street lights present and lit,Fine (without high winds),Dry,None,None,No overtaking,318050,673740,520767,Junction,S.V.N.P.,356834,unset,EH120AA,No crossing facility within 50m or physical crossing facility not controlled by authorised person,No physical crossing facility within 50m,At scene,55.9497371718,-3.31244629519,"{""type"": ""Feature"",""geometry"": {""type"": ""Point"",""coordinates"": -3.31244629519, 55.9497371718}}"
100712,,Slight,2,1,17/02/2012,Friday,17,February,12,19,20,230,C,,Roundabout,60,Roundabout,Give way sign or markings,Unclassified,,Darkness: street lights present and lit,Raining with high winds,Dry,None,None,No overtaking,329160,667360,4486297,Junction,T.V.N.P.,356835,unset,EH178RZ,No crossing facility within 50m or physical crossing facility not controlled by authorised person,No physical crossing facility within 50m,At scene,55.8941848265,-3.13288634654,"{""type"": ""Feature"",""geometry"": {""type"": ""Point"",""coordinates"": -3.13288634654, 55.8941848265}}"
103212,,Slight,2,1,19/02/2012,Sunday,19,February,12,3,40,230,Unclassified,,Single carriageway - 2 lanes,30,Other junction,Give way sign or markings,Unclassified,,Darkness: street lights present and lit,Fine (without high winds),Dry,None,None,No overtaking,324910,674000,0,Unset,T.V.N.P.,356836,unset,EH23LU,No crossing facility within 50m or physical crossing facility not controlled by authorised person,No physical crossing facility within 50m,Elsewhere,55.9531938573,-3.20268284591,"{""type"": ""Feature"",""geometry"": {""type"": ""Point"",""coordinates"": -3.20268284591, 55.9531938573}}"
104312,,Slight,3,2,19/02/2012,Sunday,19,February,12,18,29,230,A,71,Single carriageway - 2 lanes,30,Crossroads,Automatic Traffic Signal,Unclassified,,Darkness: street lights present and lit,Fine (without high winds),Dry,None,None,No overtaking,322290,671860,522219,Junction,M.V.N.P.,356837,unset,EH112RT,No crossing facility within 50m or physical crossing facility not controlled by authorised person,Pedestrian phase at traffic signal junction,At scene,55.9335521386,-3.24401878092,"{""type"": ""Feature"",""geometry"": {""type"": ""Point"",""coordinates"": -3.24401878092, 55.9335521386}}"
106212,,Slight,1,1,20/02/2012,Monday,20,February,12,15,0,230,A,1140,Single carriageway - 2 lanes,30,Not at or within 20 metres of junction,unset,\,,Daylight: street lights present,Fine (without high winds),Dry,None,None,No overtaking,328490,674160,554882,Segment,Pedestrian,356838,unset,EH87BB,No crossing facility within 50m or physical crossing facility not controlled by authorised person,No physical crossing facility within 50m,Elsewhere,55.955177434,-3.14539924571,"{""type"": ""Feature"",""geometry"": {""type"": ""Point"",""coordinates"": -3.14539924571, 55.955177434}}"