acc_ref,beat_no,severity,no_vehicle,no_casualt,a_date,a_day,a_date_day,a_date_mon,a_date_yr,a_time_hr,a_time_min,loc_auth,road1_class,road1_no,road_type,speed_limi,junc_det,junc_ctrl,road2_class,road2_no,light_cond,weather,road_surf,spec_cond,cway_hzrds,ovrtk_patrn,easting,northing,net_id,net_type,acc_type,text_id,division,Postcode,ped_xing_hc,ped_xing_p,place_reported,latitude,longitude,geojson
199812,,Slight,1,1,23/03/2012,Friday,23,March,12,13,10,230,C,,Single carriageway - 2 lanes,30,Not at or within 20 metres of junction,unset,\,,Daylight: no street lighting,Fine (without high winds),Dry,None,None,No overtaking,325380,674040,566552,Segment,Pedestrian,354730,unset,EH22PF,No crossing facility within 50m or physical crossing facility not controlled by authorised person,No physical crossing facility within 50m,At scene,55.9536264311,-3.19516798667,"{""type"": ""Feature"",""geometry"": {""type"": ""Point"",""coordinates"": -3.19516798667, 55.9536264311}}"
199912,,Slight,2,1,07/04/2012,Saturday,7,April,12,15,25,230,A,71,Roundabout,40,Roundabout,Stop sign,A,71,Daylight: street lights present,Fine (without high winds),Dry,None,None,No overtaking,319430,670660,529651,Junction,T.V.N.P.,356980,unset,EH114NT,No crossing facility within 50m or physical crossing facility not controlled by authorised person,No physical crossing facility within 50m,At scene,55.9223011483,-3.28943215184,"{""type"": ""Feature"",""geometry"": {""type"": ""Point"",""coordinates"": -3.28943215184, 55.9223011483}}"
200112,,Slight,2,1,30/03/2012,Friday,30,March,12,16,10,230,C,,Single carriageway - 2 lanes,30,Not at or within 20 metres of junction,unset,\,,Daylight: no street lighting,Fine (without high winds),Dry,None,None,No overtaking,322270,671910,522216,Junction,Bus,354731,unset,EH112RZ,No crossing facility within 50m or physical crossing facility not controlled by authorised person,Pedestrian phase at traffic signal junction,Elsewhere,55.9339980922,-3.24435326447,"{""type"": ""Feature"",""geometry"": {""type"": ""Point"",""coordinates"": -3.24435326447, 55.9339980922}}"
200412,,Slight,2,1,07/04/2012,Saturday,7,April,12,18,0,230,Unclassified,,Single carriageway - 2 lanes,30,Mini-roundabout,Give way sign or markings,Unclassified,,Daylight: street lights present,Fine (without high winds),Dry,None,None,No overtaking,324290,675490,12232951,Junction,T.V.N.P.,356981,unset,EH35NY,No crossing facility within 50m or physical crossing facility not controlled by authorised person,No physical crossing facility within 50m,At scene,55.9664824171,-3.21302924342,"{""type"": ""Feature"",""geometry"": {""type"": ""Point"",""coordinates"": -3.21302924342, 55.9664824171}}"
201312,,Slight,1,1,09/04/2012,Monday,9,April,12,3,39,230,A,702,Single carriageway - 2 lanes,30,Other junction,Automatic Traffic Signal,C,,Darkness: street lights present and lit,Fine (without high winds),Dry,None,None,No overtaking,324910,672980,533371,Junction,Pedestrian,356982,unset,EH39BN,No crossing facility within 50m or physical crossing facility not controlled by authorised person,No physical crossing facility within 50m,At scene,55.9440303383,-3.20239881695,"{""type"": ""Feature"",""geometry"": {""type"": ""Point"",""coordinates"": -3.20239881695, 55.9440303383}}"
202212,,Slight,1,1,05/04/2012,Thursday,5,April,12,12,30,230,A,901,Single carriageway - 2 lanes,30,Not at or within 20 metres of junction,unset,\,,Daylight: no street lighting,Fine (without high winds),Dry,None,None,No overtaking,326920,675950,558734,Segment,Pedestrian,356983,unset,EH65HX,No crossing facility within 50m or physical crossing facility not controlled by authorised person,No physical crossing facility within 50m,At scene,55.9710224226,-3.17102615763,"{""type"": ""Feature"",""geometry"": {""type"": ""Point"",""coordinates"": -3.17102615763, 55.9710224226}}"
202512,,Slight,1,1,06/04/2012,Friday,6,April,12,13,5,230,C,,Single carriageway - 2 lanes,30,Roundabout,Give way sign or markings,C,,Daylight: street lights present,Fine (without high winds),Dry,None,None,No overtaking,325130,673980,521067,Junction,Bus,356984,unset,EH23EE,Control by other authorised person,Pedestrian phase at traffic signal junction,Elsewhere,55.9530485105,-3.19915451943,"{""type"": ""Feature"",""geometry"": {""type"": ""Point"",""coordinates"": -3.19915451943, 55.9530485105}}"
203612,,Slight,2,1,10/04/2012,Tuesday,10,April,12,16,36,230,C,,Single carriageway - 2 lanes,30,Crossroads,Give way sign or markings,Unclassified,,Daylight: no street lighting,Fine (without high winds),Dry,None,None,No overtaking,320390,671920,522141,Junction,T.V.N.P.,356985,unset,EH127DU,No crossing facility within 50m or physical crossing facility not controlled by authorised person,No physical crossing facility within 50m,At scene,55.9337803488,-3.27444422398,"{""type"": ""Feature"",""geometry"": {""type"": ""Point"",""coordinates"": -3.27444422398, 55.9337803488}}"
203712,,Slight,2,2,10/04/2012,Tuesday,10,April,12,17,25,230,A,90,Single carriageway - 2 lanes,40,'T' or staggered junction,Automatic Traffic Signal,B,701,Daylight: no street lighting,Fine (without high winds),Dry,None,None,No overtaking,318890,674910,519933,Junction,T.V.N.P.,356986,unset,EH48AR,No crossing facility within 50m or physical crossing facility not controlled by authorised person,No physical crossing facility within 50m,At scene,55.9603903785,-3.29934948927,"{""type"": ""Feature"",""geometry"": {""type"": ""Point"",""coordinates"": -3.29934948927, 55.9603903785}}"
204412,,Slight,2,1,19/03/2012,Monday,19,March,12,18,55,230,C,,Single carriageway - 2 lanes,30,Crossroads,Give way sign or markings,Unclassified,,Darkness: street lights present and lit,Raining (without high winds),Dry,None,None,No overtaking,327030,675220,0,Unset,Cyclist,354732,unset,EH68RT,No crossing facility within 50m or physical crossing facility not controlled by authorised person,No physical crossing facility within 50m,At scene,55.9644808877,-3.16906616566,"{""type"": ""Feature"",""geometry"": {""type"": ""Point"",""coordinates"": -3.16906616566, 55.9644808877}}"
205112,,Serious,1,1,11/04/2012,Wednesday,11,April,12,16,10,230,Unclassified,,Dual carriageway - 2 lanes,40,Not at or within 20 metres of junction,unset,\,,Daylight: street lights present,Fine (without high winds),Dry,None,None,No overtaking,320050,669420,551630,Segment,Pedestrian,356987,unset,EH143AX,No crossing facility within 50m or physical crossing facility not controlled by authorised person,No physical crossing facility within 50m,At scene,55.9112648912,-3.27914564567,"{""type"": ""Feature"",""geometry"": {""type"": ""Point"",""coordinates"": -3.27914564567, 55.9112648912}}"
205312,,Slight,1,1,10/04/2012,Tuesday,10,April,12,20,55,230,A,901,Single carriageway - 2 lanes,30,'T' or staggered junction,Give way sign or markings,A,901,Darkness: street lights present and lit,Fine (without high winds),Dry,None,None,No overtaking,325810,677000,532669,Junction,Pedestrian,356988,unset,EH64HY,No crossing facility within 50m or physical crossing facility not controlled by authorised person,No physical crossing facility within 50m,Elsewhere,55.9802852452,-3.18909777744,"{""type"": ""Feature"",""geometry"": {""type"": ""Point"",""coordinates"": -3.18909777744, 55.9802852452}}"
205512,,Slight,2,1,11/04/2012,Wednesday,11,April,12,16,29,230,A,71,One way Street,30,Roundabout,Automatic Traffic Signal,Unclassified,,Daylight: no street lighting,Fine (without high winds),Dry,None,None,No overtaking,318530,670390,2307036,Junction,Cyclist,356989,unset,EH144AW,Control by other authorised person,Pedestrian phase at traffic signal junction,At scene,55.9197240161,-3.30375003982,"{""type"": ""Feature"",""geometry"": {""type"": ""Point"",""coordinates"": -3.30375003982, 55.9197240161}}"
205612,,Slight,2,1,06/04/2012,Friday,6,April,12,13,10,230,Unclassified,,Single carriageway - 2 lanes,30,'T' or staggered junction,Give way sign or markings,Unclassified,,Daylight: no street lighting,Fine (without high winds),Dry,None,None,No overtaking,327200,674930,12239021,Junction,T.V.N.P.,356990,unset,EH75QU,Control by other authorised person,Pedestrian phase at traffic signal junction,Elsewhere,55.9619013432,-3.16626483581,"{""type"": ""Feature"",""geometry"": {""type"": ""Point"",""coordinates"": -3.16626483581, 55.9619013432}}"
206412,,Slight,2,1,12/04/2012,Thursday,12,April,12,15,15,230,B,1350,Single carriageway - 2 lanes,30,Roundabout,Give way sign or markings,A,900,Daylight: street lights present,Fine (without high winds),Dry,None,None,No overtaking,326160,674510,520236,Junction,Cyclist,356991,unset,EH75DX,No crossing facility within 50m or physical crossing facility not controlled by authorised person,No physical crossing facility within 50m,Elsewhere,55.957969363,-3.1828067076,"{""type"": ""Feature"",""geometry"": {""type"": ""Point"",""coordinates"": -3.1828067076, 55.957969363}}"
206612,,Slight,2,1,12/04/2012,Thursday,12,April,12,8,30,230,B,9085,Single carriageway - 2 lanes,30,Mini-roundabout,Give way sign or markings,Unclassified,,Daylight: street lights present,Raining (without high winds),Dry,None,None,No overtaking,320540,675440,519747,Junction,Cyclist,356992,unset,EH46AR,No crossing facility within 50m or physical crossing facility not controlled by authorised person,Zebra crossing,At scene,55.9654274436,-3.27308088304,"{""type"": ""Feature"",""geometry"": {""type"": ""Point"",""coordinates"": -3.27308088304, 55.9654274436}}"
207912,,Slight,4,1,13/04/2012,Friday,13,April,12,13,0,230,A,8000,Dual carriageway - 2 lanes,30,Not at or within 20 metres of junction,unset,\,,Daylight: no street lighting,Fine (without high winds),Dry,None,None,No overtaking,312970,677510,555198,Segment,M.V.N.P.,356993,unset,EH309YA,No crossing facility within 50m or physical crossing facility not controlled by authorised person,No physical crossing facility within 50m,At scene,55.982710476,-3.39499529303,"{""type"": ""Feature"",""geometry"": {""type"": ""Point"",""coordinates"": -3.39499529303, 55.982710476}}"
208512,,Slight,3,2,13/04/2012,Friday,13,April,12,10,24,230,A,720,Dual carriageway - 2 lanes,70,Not at or within 20 metres of junction,unset,\,,Daylight: no street lighting,Fine (without high winds),Dry,None,None,No overtaking,319900,669430,2578907,Segment,M.V.N.P.,356994,unset,EH143BS,No crossing facility within 50m or physical crossing facility not controlled by authorised person,No physical crossing facility within 50m,At scene,55.911329785,-3.28154783273,"{""type"": ""Feature"",""geometry"": {""type"": ""Point"",""coordinates"": -3.28154783273, 55.911329785}}"
210012,,Slight,2,2,13/04/2012,Friday,13,April,12,21,30,230,A,90,Dual carriageway - 2 lanes,40,Multiple junction,Automatic Traffic Signal,A,902,Darkness: street lights present and lit,Fine (without high winds),Dry,None,None,No overtaking,321550,674920,520029,Junction,T.V.N.P.,356995,unset,EH42AQ,No crossing facility within 50m or physical crossing facility not controlled by authorised person,Pedestrian phase at traffic signal junction,At scene,55.9609219892,-3.25675199928,"{""type"": ""Feature"",""geometry"": {""type"": ""Point"",""coordinates"": -3.25675199928, 55.9609219892}}"
210112,,Serious,1,1,14/04/2012,Saturday,14,April,12,14,32,230,Unclassified,,Single carriageway - 2 lanes,30,Not at or within 20 metres of junction,unset,\,,Daylight: street lights present,Fine (without high winds),Dry,None,None,No overtaking,323540,668730,564815,Segment,Bus,356996,unset,EH139NE,No crossing facility within 50m or physical crossing facility not controlled by authorised person,No physical crossing facility within 50m,Elsewhere,55.9056331851,-3.2231275051,"{""type"": ""Feature"",""geometry"": {""type"": ""Point"",""coordinates"": -3.2231275051, 55.9056331851}}"
210312,,Slight,2,1,15/04/2012,Sunday,15,April,12,1,30,230,A,702,Single carriageway - 2 lanes,30,Other junction,Give way sign or markings,Unclassified,,Darkness: street lights present and lit,Fine (without high winds),Dry,None,None,No overtaking,324630,672160,522030,Junction,T.V.N.P.,356997,unset,EH104ER,No crossing facility within 50m or physical crossing facility not controlled by authorised person,Central refuge - no other controls,At scene,55.9366197657,-3.20665220786,"{""type"": ""Feature"",""geometry"": {""type"": ""Point"",""coordinates"": -3.20665220786, 55.9366197657}}"
210412,,Slight,2,1,11/04/2012,Wednesday,11,April,12,17,30,230,A,8,Dual carriageway - 2 lanes,40,Roundabout,Automatic Traffic Signal,A,8,Daylight: no street lighting,Raining (without high winds),Dry,None,None,No overtaking,312590,672650,517576,Junction,T.V.N.P.,356998,unset,EH288PP,No crossing facility within 50m or physical crossing facility not controlled by authorised person,No physical crossing facility within 50m,At scene,55.9389834627,-3.39950768573,"{""type"": ""Feature"",""geometry"": {""type"": ""Point"",""coordinates"": -3.39950768573, 55.9389834627}}"
210812,,Slight,2,1,15/04/2012,Sunday,15,April,12,16,5,230,Unclassified,,Single carriageway - 2 lanes,30,'T' or staggered junction,Automatic Traffic Signal,A,8,Daylight: street lights present,Fine (without high winds),Dry,None,None,No overtaking,320110,672920,521724,Junction,T.V.N.P.,356999,unset,EH128AT,No crossing facility within 50m or physical crossing facility not controlled by authorised person,No physical crossing facility within 50m,At scene,55.9427175078,-3.27922144017,"{""type"": ""Feature"",""geometry"": {""type"": ""Point"",""coordinates"": -3.27922144017, 55.9427175078}}"
213212,,Slight,3,1,10/04/2012,Tuesday,10,April,12,8,30,230,A,8,Dual carriageway - 2 lanes,60,Slip road,Give way sign or markings,Unclassified,,Daylight: no street lighting,Snowing (without high winds),Dry,None,None,No overtaking,314780,672470,532249,Junction,M.V.N.P.,357000,unset,EH288NB,No crossing facility within 50m or physical crossing facility not controlled by authorised person,No physical crossing facility within 50m,At scene,55.9377596615,-3.36439841954,"{""type"": ""Feature"",""geometry"": {""type"": ""Point"",""coordinates"": -3.36439841954, 55.9377596615}}"
213812,,Serious,1,1,16/04/2012,Monday,16,April,12,10,10,230,Unclassified,,Single carriageway - 2 lanes,20,Other junction,Automatic Traffic Signal,A,901,Daylight: no street lighting,Fine (without high winds),Dry,None,None,No overtaking,326440,676780,531316,Junction,Pedestrian,357001,unset,EH66NW,No crossing facility within 50m or physical crossing facility not controlled by authorised person,Central refuge - no other controls,At scene,55.9784057515,-3.17894258863,"{""type"": ""Feature"",""geometry"": {""type"": ""Point"",""coordinates"": -3.17894258863, 55.9784057515}}"
215712,,Serious,2,1,17/04/2012,Tuesday,17,April,12,15,40,230,A,71,Dual carriageway - 2 lanes,40,Roundabout,Give way sign or markings,C,,Daylight: street lights present,Fine (without high winds),Dry,None,None,No overtaking,320690,671110,529513,Junction,Cyclist,357002,unset,EH113RQ,No crossing facility within 50m or physical crossing facility not controlled by authorised person,No physical crossing facility within 50m,Elsewhere,55.9265531731,-3.26940502477,"{""type"": ""Feature"",""geometry"": {""type"": ""Point"",""coordinates"": -3.26940502477, 55.9265531731}}"
215812,,Slight,2,1,17/04/2012,Tuesday,17,April,12,18,20,230,Unclassified,,Single carriageway - 3 lanes,30,Slip road,Give way sign or markings,A,7,Daylight: no street lighting,Fine (without high winds),Dry,None,None,No overtaking,329730,669450,0,Unset,T.V.N.P.,357003,unset,EH164SP,Control by other authorised person,"Pelican, puffin, toucan or similar non-junction pedestrian light crossing",At scene,55.9130452299,-3.12431585956,"{""type"": ""Feature"",""geometry"": {""type"": ""Point"",""coordinates"": -3.12431585956, 55.9130452299}}"
218012,,Slight,2,1,12/04/2012,Thursday,12,April,12,15,13,230,Motorway,8,Roundabout,60,Roundabout,Automatic Traffic Signal,Motorway,8,Daylight: street lights present,Fine (without high winds),Dry,None,None,No overtaking,318060,670950,6453338,Junction,T.V.N.P.,357004,unset,EH129BU,Control by other authorised person,Pedestrian phase at traffic signal junction,At scene,55.9246749608,-3.31143903497,"{""type"": ""Feature"",""geometry"": {""type"": ""Point"",""coordinates"": -3.31143903497, 55.9246749608}}"
218612,,Slight,2,1,18/04/2012,Wednesday,18,April,12,12,45,230,A,900,Single carriageway - 2 lanes,30,Other junction,Give way sign or markings,Unclassified,,Daylight: street lights present,Fine (without high winds),Dry,None,None,No overtaking,326790,675560,519478,Junction,T.V.N.P.,357005,unset,EH68NR,No crossing facility within 50m or physical crossing facility not controlled by authorised person,No physical crossing facility within 50m,At scene,55.9674988957,-3.17300275395,"{""type"": ""Feature"",""geometry"": {""type"": ""Point"",""coordinates"": -3.17300275395, 55.9674988957}}"
219212,,Slight,2,1,18/04/2012,Wednesday,18,April,12,17,0,230,Unclassified,,Roundabout,30,Roundabout,Give way sign or markings,Unclassified,,Daylight: street lights present,Fine (without high winds),Dry,None,None,No overtaking,312960,677600,10292788,Junction,T.V.N.P.,357006,unset,EH309YA,No crossing facility within 50m or physical crossing facility not controlled by authorised person,No physical crossing facility within 50m,Elsewhere,55.9835171422,-3.3951846414,"{""type"": ""Feature"",""geometry"": {""type"": ""Point"",""coordinates"": -3.3951846414, 55.9835171422}}"
219412,,Slight,2,1,18/04/2012,Wednesday,18,April,12,20,10,230,Unclassified,,Single carriageway - 2 lanes,30,Not at or within 20 metres of junction,unset,\,,Darkness: street lights present and lit,Fine (without high winds),Dry,None,None,No overtaking,328360,674040,0,Unset,Cyclist,357007,unset,EH87HD,No crossing facility within 50m or physical crossing facility not controlled by authorised person,No physical crossing facility within 50m,Elsewhere,55.9540799865,-3.14744913712,"{""type"": ""Feature"",""geometry"": {""type"": ""Point"",""coordinates"": -3.14744913712, 55.9540799865}}"
220212,,Slight,1,1,18/04/2012,Wednesday,18,April,12,14,42,230,Unclassified,,One way Street,20,Not at or within 20 metres of junction,unset,\,,Daylight: street lights present,Unknown,Dry,None,None,No overtaking,317990,672460,0,Unset,Bus,357009,unset,EH129DG,No crossing facility within 50m or physical crossing facility not controlled by authorised person,No physical crossing facility within 50m,Elsewhere,55.9382280976,-3.31301776595,"{""type"": ""Feature"",""geometry"": {""type"": ""Point"",""coordinates"": -3.31301776595, 55.9382280976}}"
221512,,Slight,2,1,19/04/2012,Thursday,19,April,12,14,19,230,A,71,Single carriageway - 2 lanes,30,Using private drive or entrance,Give way sign or markings,Unclassified,,Daylight: street lights present,Raining (without high winds),Dry,None,None,No overtaking,321940,671660,549737,Segment,T.V.N.P.,357010,unset,EH113AJ,No crossing facility within 50m or physical crossing facility not controlled by authorised person,Central refuge - no other controls,At scene,55.9316987069,-3.249562417,"{""type"": ""Feature"",""geometry"": {""type"": ""Point"",""coordinates"": -3.249562417, 55.9316987069}}"
222212,,Slight,2,1,20/04/2012,Friday,20,April,12,8,30,230,Unclassified,,Roundabout,30,Roundabout,Give way sign or markings,Unclassified,,Daylight: street lights present,Fine (without high winds),Dry,None,None,No overtaking,327800,674120,520764,Junction,Cyclist,357011,unset,EH88JD,No crossing facility within 50m or physical crossing facility not controlled by authorised person,Central refuge - no other controls,At scene,55.9547148828,-3.15643796915,"{""type"": ""Feature"",""geometry"": {""type"": ""Point"",""coordinates"": -3.15643796915, 55.9547148828}}"
223412,,Slight,2,1,20/04/2012,Friday,20,April,12,16,5,230,C,,Single carriageway - 2 lanes,30,'T' or staggered junction,Give way sign or markings,Unclassified,,Daylight: street lights present,Fine (without high winds),Dry,None,None,No overtaking,325700,673320,521541,Junction,Cyclist,357012,unset,EH11HU,No crossing facility within 50m or physical crossing facility not controlled by authorised person,Zebra crossing,At scene,55.9472076262,-3.18984547605,"{""type"": ""Feature"",""geometry"": {""type"": ""Point"",""coordinates"": -3.18984547605, 55.9472076262}}"
224112,,Slight,2,1,19/04/2012,Thursday,19,April,12,21,55,230,Unclassified,,Single carriageway - 2 lanes,30,Not at or within 20 metres of junction,unset,\,,Darkness: street lights present and lit,Raining (without high winds),Dry,None,None,No overtaking,323280,671820,564151,Segment,Cyclist,357013,unset,EH111RY,No crossing facility within 50m or physical crossing facility not controlled by authorised person,No physical crossing facility within 50m,At scene,55.933351761,-3.22816313995,"{""type"": ""Feature"",""geometry"": {""type"": ""Point"",""coordinates"": -3.22816313995, 55.933351761}}"
225012,,Slight,1,1,18/04/2012,Wednesday,18,April,12,21,10,230,Unclassified,,Single carriageway - 2 lanes,30,'T' or staggered junction,Give way sign or markings,Unclassified,,Darkness: street lights present and lit,Raining (without high winds),Dry,None,None,No overtaking,325720,673320,521541,Junction,Pedestrian,357014,unset,EH11EY,No crossing facility within 50m or physical crossing facility not controlled by authorised person,Zebra crossing,At scene,55.9472107177,-3.18952527228,"{""type"": ""Feature"",""geometry"": {""type"": ""Point"",""coordinates"": -3.18952527228, 55.9472107177}}"
225712,,Serious,1,1,18/04/2012,Wednesday,18,April,12,17,50,230,A,702,Single carriageway - 2 lanes,30,Multiple junction,Automatic Traffic Signal,C,,Daylight: street lights present,Fine (without high winds),Dry,None,None,No overtaking,324900,672970,533374,Junction,Pedestrian,357015,unset,EH39BN,No crossing facility within 50m or physical crossing facility not controlled by authorised person,Pedestrian phase at traffic signal junction,At scene,55.9439389375,-3.20255612082,"{""type"": ""Feature"",""geometry"": {""type"": ""Point"",""coordinates"": -3.20255612082, 55.9439389375}}"
226812,,Slight,3,2,20/04/2012,Friday,20,April,12,23,49,230,A,701,Single carriageway - 2 lanes,30,Crossroads,Give way sign or markings,Unclassified,,Darkness: street lights present and lit,Raining (without high winds),Dry,None,None,No overtaking,326790,671700,529474,Junction,M.V.N.P.,357016,unset,EH92BZ,No crossing facility within 50m or physical crossing facility not controlled by authorised person,Central refuge - no other controls,At scene,55.9328208961,-3.17195470459,"{""type"": ""Feature"",""geometry"": {""type"": ""Point"",""coordinates"": -3.17195470459, 55.9328208961}}"
227012,,Slight,1,2,22/04/2012,Sunday,22,April,12,1,30,230,A,71,Single carriageway - 2 lanes,50,Not at or within 20 metres of junction,unset,\,,Darkness: no street lighting,Fine (without high winds),Dry,None,None,No overtaking,315990,669880,549650,Segment,S.V.N.P.,357017,unset,EH288NU,No crossing facility within 50m or physical crossing facility not controlled by authorised person,No physical crossing facility within 50m,At scene,55.9147056631,-3.34422625589,"{""type"": ""Feature"",""geometry"": {""type"": ""Point"",""coordinates"": -3.34422625589, 55.9147056631}}"
227412,,Slight,1,1,23/04/2012,Monday,23,April,12,8,20,230,Unclassified,,Dual carriageway - 2 lanes,30,Not at or within 20 metres of junction,unset,\,,Daylight: street lights present,Fine (without high winds),Dry,None,None,No overtaking,318950,671550,12232528,Segment,Pedestrian,357018,unset,EH129EB,No crossing facility within 50m or physical crossing facility not controlled by authorised person,No physical crossing facility within 50m,At scene,55.9302158765,-3.29737892325,"{""type"": ""Feature"",""geometry"": {""type"": ""Point"",""coordinates"": -3.29737892325, 55.9302158765}}"
230312,,Slight,3,2,23/04/2012,Monday,23,April,12,8,33,230,A,6095,Single carriageway - 2 lanes,30,Other junction,Give way sign or markings,Unclassified,,Daylight: no street lighting,Fine (without high winds),Dry,None,None,No overtaking,328970,671670,523770,Junction,M.V.N.P.,357019,unset,EH164BE,No crossing facility within 50m or physical crossing facility not controlled by authorised person,No physical crossing facility within 50m,At scene,55.932878332,-3.13705694812,"{""type"": ""Feature"",""geometry"": {""type"": ""Point"",""coordinates"": -3.13705694812, 55.932878332}}"
230912,,Slight,1,1,24/04/2012,Tuesday,24,April,12,13,50,230,Unclassified,,Single carriageway - 2 lanes,40,Not at or within 20 metres of junction,unset,\,,Daylight: street lights present,Fine (without high winds),Dry,None,None,No overtaking,323240,672700,559227,Segment,S.V.N.P.,357020,unset,EH112LP,No crossing facility within 50m or physical crossing facility not controlled by authorised person,No physical crossing facility within 50m,At scene,55.9412510958,-3.22905362416,"{""type"": ""Feature"",""geometry"": {""type"": ""Point"",""coordinates"": -3.22905362416, 55.9412510958}}"
231412,,Serious,2,1,23/04/2012,Monday,23,April,12,21,35,230,A,90,Single carriageway - 2 lanes,40,Not at or within 20 metres of junction,unset,\,,Daylight: no street lighting,Raining (without high winds),Dry,None,None,No overtaking,319290,674940,555498,Segment,Pedestrian,357021,unset,EH46ER,No crossing facility within 50m or physical crossing facility not controlled by authorised person,No physical crossing facility within 50m,At scene,55.9607272566,-3.2929524761,"{""type"": ""Feature"",""geometry"": {""type"": ""Point"",""coordinates"": -3.2929524761, 55.9607272566}}"
231612,,Slight,2,1,17/04/2012,Tuesday,17,April,12,11,29,230,Unclassified,,Single carriageway - 2 lanes,30,'T' or staggered junction,Give way sign or markings,Unclassified,,Daylight: no street lighting,Fine (without high winds),Dry,None,None,No overtaking,326900,672660,4224887,Junction,T.V.N.P.,357022,unset,EH165XN,Control by other authorised person,Pedestrian phase at traffic signal junction,At scene,55.9414622357,-3.17045427308,"{""type"": ""Feature"",""geometry"": {""type"": ""Point"",""coordinates"": -3.17045427308, 55.9414622357}}"
233212,,Serious,1,1,24/04/2012,Tuesday,24,April,12,22,0,230,C,,Single carriageway - 2 lanes,30,'T' or staggered junction,Give way sign or markings,Unclassified,,Darkness: street lights present and lit,Raining (without high winds),Dry,None,None,No overtaking,324000,672590,521844,Junction,Pedestrian,357023,unset,EH111BG,No crossing facility within 50m or physical crossing facility not controlled by authorised person,"Pelican, puffin, toucan or similar non-junction pedestrian light crossing",At scene,55.9403836324,-3.2168568919,"{""type"": ""Feature"",""geometry"": {""type"": ""Point"",""coordinates"": -3.2168568919, 55.9403836324}}"
234612,,Slight,1,3,26/04/2012,Thursday,26,April,12,9,15,230,A,720,Dual carriageway - 2 lanes,60,Not at or within 20 metres of junction,unset,\,,Daylight: no street lighting,Raining (without high winds),Dry,None,None,No overtaking,328630,666960,2579069,Segment,S.V.N.P.,357024,unset,EH178SB,No crossing facility within 50m or physical crossing facility not controlled by authorised person,No physical crossing facility within 50m,At scene,55.8905129205,-3.14125483109,"{""type"": ""Feature"",""geometry"": {""type"": ""Point"",""coordinates"": -3.14125483109, 55.8905129205}}"
236612,,Slight,2,1,25/04/2012,Wednesday,25,April,12,16,55,230,A,8,Single carriageway - 2 lanes,30,'T' or staggered junction,Give way sign or markings,Unclassified,,Daylight: no street lighting,Raining (without high winds),Dry,None,None,No overtaking,323810,673220,521298,Junction,T.V.N.P.,357025,unset,EH125LQ,Control by school crossing patrol,Pedestrian phase at traffic signal junction,At scene,55.9460133464,-3.22007619774,"{""type"": ""Feature"",""geometry"": {""type"": ""Point"",""coordinates"": -3.22007619774, 55.9460133464}}"
237512,,Serious,1,1,27/04/2012,Friday,27,April,12,11,35,230,C,,Single carriageway - 2 lanes,30,Not at or within 20 metres of junction,unset,\,,Daylight: no street lighting,Fine (without high winds),Dry,None,None,No overtaking,325390,674060,566534,Segment,Pedestrian,357026,unset,EH22PA,No crossing facility within 50m or physical crossing facility not controlled by authorised person,Zebra crossing,At scene,55.9538076612,-3.195013394,"{""type"": ""Feature"",""geometry"": {""type"": ""Point"",""coordinates"": -3.195013394, 55.9538076612}}"
237612,,Slight,2,1,27/04/2012,Friday,27,April,12,13,40,230,Unclassified,,Single carriageway - 2 lanes,30,Crossroads,Give way sign or markings,Unclassified,,Daylight: no street lighting,Fine (without high winds),Dry,None,None,No overtaking,325760,671510,523863,Junction,Cyclist,357027,unset,EH92RA,No crossing facility within 50m or physical crossing facility not controlled by authorised person,No physical crossing facility within 50m,At scene,55.9309560361,-3.18838685763,"{""type"": ""Feature"",""geometry"": {""type"": ""Point"",""coordinates"": -3.18838685763, 55.9309560361}}"
240612,,Slight,1,1,29/04/2012,Sunday,29,April,12,22,26,230,A,70,Single carriageway - 2 lanes,30,Not at or within 20 metres of junction,unset,\,,Daylight: no street lighting,Raining (without high winds),Dry,None,None,No overtaking,320670,669110,532912,Junction,S.V.N.P.,357028,unset,EH130LT,No crossing facility within 50m or physical crossing facility not controlled by authorised person,No physical crossing facility within 50m,At scene,55.9085825524,-3.26913784079,"{""type"": ""Feature"",""geometry"": {""type"": ""Point"",""coordinates"": -3.26913784079, 55.9085825524}}"