acc_ref,beat_no,severity,no_vehicle,no_casualt,a_date,a_day,a_date_day,a_date_mon,a_date_yr,a_time_hr,a_time_min,loc_auth,road1_class,road1_no,road_type,speed_limi,junc_det,junc_ctrl,road2_class,road2_no,light_cond,weather,road_surf,spec_cond,cway_hzrds,ovrtk_patrn,easting,northing,net_id,net_type,acc_type,text_id,division,Postcode,ped_xing_hc,ped_xing_p,place_reported,latitude,longitude,geojson
240812,,Slight,1,1,30/04/2012,Monday,30,April,12,8,20,230,Unclassified,,Single carriageway - 2 lanes,20,'T' or staggered junction,Give way sign or markings,Unclassified,,Daylight: no street lighting,Raining (without high winds),Dry,None,None,No overtaking,319160,676220,519073,Junction,S.V.N.P.,357029,unset,EH46LX,Control by other authorised person,Pedestrian phase at traffic signal junction,At scene,55.9722042757,-3.29541859634,"{""type"": ""Feature"",""geometry"": {""type"": ""Point"",""coordinates"": -3.29541859634, 55.9722042757}}"
240912,,Slight,3,1,30/04/2012,Monday,30,April,12,10,15,230,A,70,Single carriageway - 2 lanes,30,'T' or staggered junction,Automatic Traffic Signal,Unclassified,,Daylight: street lights present,Fine (without high winds),Dry,None,None,No overtaking,323120,671980,522267,Junction,Bus,357030,unset,EH111QE,No crossing facility within 50m or physical crossing facility not controlled by authorised person,Pedestrian phase at traffic signal junction,At scene,55.9347636098,-3.2307693909,"{""type"": ""Feature"",""geometry"": {""type"": ""Point"",""coordinates"": -3.2307693909, 55.9347636098}}"
241812,,Slight,2,1,30/04/2012,Monday,30,April,12,16,0,230,Unclassified,,Single carriageway - 2 lanes,30,Crossroads,Automatic Traffic Signal,Unclassified,,Daylight: street lights present,Fine (without high winds),Dry,None,None,No overtaking,325880,676300,519238,Junction,Cyclist,357031,unset,EH64NP,No crossing facility within 50m or physical crossing facility not controlled by authorised person,No physical crossing facility within 50m,At scene,55.9740073652,-3.187783355,"{""type"": ""Feature"",""geometry"": {""type"": ""Point"",""coordinates"": -3.187783355, 55.9740073652}}"
241912,,Serious,1,1,30/04/2012,Monday,30,April,12,13,22,230,Unclassified,,Single carriageway - 2 lanes,30,Mini-roundabout,Give way sign or markings,Unclassified,,Daylight: no street lighting,Unknown,Dry,None,None,No overtaking,313860,677960,12230541,Junction,Bus,357032,unset,EH309JP,No crossing facility within 50m or physical crossing facility not controlled by authorised person,No physical crossing facility within 50m,Elsewhere,55.9869134486,-3.38087833052,"{""type"": ""Feature"",""geometry"": {""type"": ""Point"",""coordinates"": -3.38087833052, 55.9869134486}}"
242812,,Slight,2,1,30/04/2012,Monday,30,April,12,9,25,230,A,70,Single carriageway - 2 lanes,30,Other junction,Give way sign or markings,Unclassified,,Daylight: street lights present,Fine (without high winds),Dry,None,None,No overtaking,323190,672040,521976,Junction,Cyclist,357033,unset,EH111PR,No crossing facility within 50m or physical crossing facility not controlled by authorised person,No physical crossing facility within 50m,Elsewhere,55.9353138232,-3.22966612913,"{""type"": ""Feature"",""geometry"": {""type"": ""Point"",""coordinates"": -3.22966612913, 55.9353138232}}"
243112,,Slight,1,1,29/04/2012,Sunday,29,April,12,20,45,230,A,900,Single carriageway - 2 lanes,30,'T' or staggered junction,Automatic Traffic Signal,C,,Darkness: street lights present and lit,Fine (without high winds),Dry,None,None,No overtaking,326550,675150,519867,Junction,Pedestrian,357034,unset,EH65AG,No crossing facility within 50m or physical crossing facility not controlled by authorised person,Pedestrian phase at traffic signal junction,Elsewhere,55.9637788497,-3.17673543267,"{""type"": ""Feature"",""geometry"": {""type"": ""Point"",""coordinates"": -3.17673543267, 55.9637788497}}"
243512,,Slight,2,1,01/05/2012,Tuesday,1,May,12,22,0,230,Unclassified,,Single carriageway - 2 lanes,30,'T' or staggered junction,Give way sign or markings,Unclassified,,Daylight: no street lighting,Fine (without high winds),Dry,None,None,No overtaking,319360,672780,521667,Junction,T.V.N.P.,365584,unset,EH127TZ,No crossing facility within 50m or physical crossing facility not controlled by authorised person,Pedestrian phase at traffic signal junction,At scene,55.9413345775,-3.29118539223,"{""type"": ""Feature"",""geometry"": {""type"": ""Point"",""coordinates"": -3.29118539223, 55.9413345775}}"
244212,,Slight,2,1,23/04/2012,Monday,23,April,12,12,45,230,A,720,Dual carriageway - 2 lanes,30,Not at or within 20 metres of junction,unset,\,,Daylight: no street lighting,Fine (without high winds),Dry,None,None,No overtaking,324460,667830,570534,Segment,T.V.N.P.,357035,unset,EH107DS,No crossing facility within 50m or physical crossing facility not controlled by authorised person,No physical crossing facility within 50m,At scene,55.8976929393,-3.20816263644,"{""type"": ""Feature"",""geometry"": {""type"": ""Point"",""coordinates"": -3.20816263644, 55.8976929393}}"
245312,,Slight,3,4,02/05/2012,Wednesday,2,May,12,16,45,230,A,70,Single carriageway - 2 lanes,40,Not at or within 20 metres of junction,unset,\,,Daylight: street lights present,Fine (without high winds),Dry,None,None,No overtaking,321260,669800,561823,Segment,M.V.N.P.,365585,unset,EH142LL,No crossing facility within 50m or physical crossing facility not controlled by authorised person,No physical crossing facility within 50m,At scene,55.9148781916,-3.25990247901,"{""type"": ""Feature"",""geometry"": {""type"": ""Point"",""coordinates"": -3.25990247901, 55.9148781916}}"
245412,,Slight,2,1,02/05/2012,Wednesday,2,May,12,19,0,230,A,71,Single carriageway - 2 lanes,60,'T' or staggered junction,Give way sign or markings,Unclassified,,Daylight: no street lighting,Fine (without high winds),Dry,None,None,No overtaking,314550,669180,517744,Junction,T.V.N.P.,365586,unset,EH278EB,No crossing facility within 50m or physical crossing facility not controlled by authorised person,No physical crossing facility within 50m,At scene,55.9081637848,-3.36703878908,"{""type"": ""Feature"",""geometry"": {""type"": ""Point"",""coordinates"": -3.36703878908, 55.9081637848}}"
246612,,Slight,1,1,02/03/2012,Friday,2,March,12,13,15,230,Unclassified,,Single carriageway - 2 lanes,30,Other junction,Give way sign or markings,Unclassified,,Daylight: street lights present,Fine (without high winds),Dry,None,None,No overtaking,328590,668000,530329,Junction,Pedestrian,354733,unset,EH178PE,No crossing facility within 50m or physical crossing facility not controlled by authorised person,No physical crossing facility within 50m,At scene,55.8998504707,-3.14216879241,"{""type"": ""Feature"",""geometry"": {""type"": ""Point"",""coordinates"": -3.14216879241, 55.8998504707}}"
246812,,Slight,1,1,03/05/2012,Thursday,3,May,12,19,20,230,A,7,Single carriageway - 2 lanes,30,'T' or staggered junction,Give way sign or markings,Unclassified,,Daylight: street lights present,Fine (without high winds),Dry,None,None,No overtaking,326190,672890,532702,Junction,Bus,365587,unset,EH89EZ,No crossing facility within 50m or physical crossing facility not controlled by authorised person,No physical crossing facility within 50m,At scene,55.9434200455,-3.18188279298,"{""type"": ""Feature"",""geometry"": {""type"": ""Point"",""coordinates"": -3.18188279298, 55.9434200455}}"
247712,,Slight,2,1,01/05/2012,Tuesday,1,May,12,9,15,230,B,701,Single carriageway - 2 lanes,30,'T' or staggered junction,Give way sign or markings,Unclassified,,Daylight: street lights present,Fine (without high winds),Dry,None,None,No overtaking,329360,668790,530263,Junction,Cyclist,365588,unset,EH177AR,No crossing facility within 50m or physical crossing facility not controlled by authorised person,No physical crossing facility within 50m,Elsewhere,55.9070615327,-3.13006207501,"{""type"": ""Feature"",""geometry"": {""type"": ""Point"",""coordinates"": -3.13006207501, 55.9070615327}}"
248612,,Slight,1,1,04/05/2012,Friday,4,May,12,15,15,230,C,,Roundabout,30,Roundabout,Give way sign or markings,C,,Daylight: street lights present,Fine (without high winds),Dry,None,None,No overtaking,325340,674010,520509,Junction,Bus,365589,unset,EH22DX,No crossing facility within 50m or physical crossing facility not controlled by authorised person,Pedestrian phase at traffic signal junction,Elsewhere,55.9533507018,-3.19580019022,"{""type"": ""Feature"",""geometry"": {""type"": ""Point"",""coordinates"": -3.19580019022, 55.9533507018}}"
249412,,Slight,1,1,05/05/2012,Saturday,5,May,12,1,0,230,C,,Roundabout,30,Roundabout,Give way sign or markings,B,901,Darkness: street lights present and lit,Fine (without high winds),Dry,None,None,No overtaking,325720,674670,520206,Junction,Pedestrian,365590,unset,EH36NB,No crossing facility within 50m or physical crossing facility not controlled by authorised person,No physical crossing facility within 50m,At scene,55.9593389522,-3.1898972481,"{""type"": ""Feature"",""geometry"": {""type"": ""Point"",""coordinates"": -3.1898972481, 55.9593389522}}"
250012,,Slight,1,1,03/05/2012,Thursday,3,May,12,15,20,230,Unclassified,,Single carriageway - 2 lanes,30,'T' or staggered junction,Give way sign or markings,A,8,Daylight: street lights present,Fine (without high winds),Dry,None,None,No overtaking,323950,673220,521295,Junction,Pedestrian,365591,unset,EH125JZ,No crossing facility within 50m or physical crossing facility not controlled by authorised person,No physical crossing facility within 50m,Elsewhere,55.946035519,-3.21783486381,"{""type"": ""Feature"",""geometry"": {""type"": ""Point"",""coordinates"": -3.21783486381, 55.946035519}}"
251912,,Slight,2,1,06/05/2012,Sunday,6,May,12,15,26,230,C,,Single carriageway - 2 lanes,20,Crossroads,Automatic Traffic Signal,C,,Daylight: no street lighting,Fine (without high winds),Dry,None,None,No overtaking,327600,669520,530152,Junction,T.V.N.P.,365592,unset,EH166RY,Control by other authorised person,Pedestrian phase at traffic signal junction,At scene,55.9133583675,-3.15840676977,"{""type"": ""Feature"",""geometry"": {""type"": ""Point"",""coordinates"": -3.15840676977, 55.9133583675}}"
253412,,Slight,1,1,04/05/2012,Friday,4,May,12,5,58,230,A,901,Single carriageway - 2 lanes,30,Crossroads,Give way sign or markings,Unclassified,,Daylight: no street lighting,Fine (without high winds),Dry,None,None,No overtaking,326880,675990,531346,Junction,S.V.N.P.,365593,unset,EH65HX,No crossing facility within 50m or physical crossing facility not controlled by authorised person,Central refuge - no other controls,At scene,55.9713756896,-3.17167782439,"{""type"": ""Feature"",""geometry"": {""type"": ""Point"",""coordinates"": -3.17167782439, 55.9713756896}}"
253612,,Slight,2,2,07/05/2012,Monday,7,May,12,17,0,230,Unclassified,,Single carriageway - 2 lanes,30,Not at or within 20 metres of junction,unset,\,,Daylight: street lights present,Raining (without high winds),Dry,None,None,No overtaking,329550,669120,0,Unset,T.V.N.P.,365594,unset,EH177BP,No crossing facility within 50m or physical crossing facility not controlled by authorised person,No physical crossing facility within 50m,At scene,55.9100541465,-3.12710921128,"{""type"": ""Feature"",""geometry"": {""type"": ""Point"",""coordinates"": -3.12710921128, 55.9100541465}}"
254212,,Serious,2,1,08/05/2012,Tuesday,8,May,12,11,0,230,Unclassified,,Single carriageway - 2 lanes,30,Crossroads,Automatic Traffic Signal,Unclassified,,Daylight: street lights present,Fine (without high winds),Dry,None,None,No overtaking,324490,671890,522291,Junction,T.V.N.P.,365595,unset,EH105DP,Control by other authorised person,Pedestrian phase at traffic signal junction,At scene,55.9341721619,-3.20881746609,"{""type"": ""Feature"",""geometry"": {""type"": ""Point"",""coordinates"": -3.20881746609, 55.9341721619}}"
254712,,Slight,1,1,05/05/2012,Saturday,5,May,12,3,0,230,Unclassified,,Single carriageway - 2 lanes,30,'T' or staggered junction,Give way sign or markings,Unclassified,,Darkness: street lights present and lit,Fine (without high winds),Dry,None,None,No overtaking,325920,673790,10293610,Junction,Pedestrian,365596,unset,EH88DN,No crossing facility within 50m or physical crossing facility not controlled by authorised person,No physical crossing facility within 50m,Elsewhere,55.9514640172,-3.186452353,"{""type"": ""Feature"",""geometry"": {""type"": ""Point"",""coordinates"": -3.186452353, 55.9514640172}}"
257012,,Slight,2,1,07/05/2012,Monday,7,May,12,14,30,230,A,71,Single carriageway - 2 lanes,30,Roundabout,Automatic Traffic Signal,A,71,Daylight: street lights present,Fine (without high winds),Dry,None,None,No overtaking,318520,670330,2307039,Junction,T.V.N.P.,365597,unset,EH144AW,No crossing facility within 50m or physical crossing facility not controlled by authorised person,No physical crossing facility within 50m,At scene,55.9191833104,-3.30389192569,"{""type"": ""Feature"",""geometry"": {""type"": ""Point"",""coordinates"": -3.30389192569, 55.9191833104}}"
257312,,Slight,2,1,10/05/2012,Thursday,10,May,12,9,30,230,A,1140,Single carriageway - 2 lanes,30,Other junction,Give way sign or markings,Unclassified,,Daylight: street lights present,Raining (without high winds),Dry,None,None,No overtaking,329030,674250,523440,Junction,Cyclist,365598,unset,EH76PX,No crossing facility within 50m or physical crossing facility not controlled by authorised person,Central refuge - no other controls,At scene,55.9560660659,-3.13677550672,"{""type"": ""Feature"",""geometry"": {""type"": ""Point"",""coordinates"": -3.13677550672, 55.9560660659}}"
257512,,Slight,2,1,10/05/2012,Thursday,10,May,12,8,45,230,A,8,Single carriageway - 2 lanes,30,'T' or staggered junction,Give way sign or markings,Unclassified,,Daylight: street lights present,Raining (without high winds),Dry,None,None,No overtaking,322870,673250,521271,Junction,Cyclist,365599,unset,EH126AX,Control by other authorised person,Pedestrian phase at traffic signal junction,At scene,55.9461329299,-3.23513365155,"{""type"": ""Feature"",""geometry"": {""type"": ""Point"",""coordinates"": -3.23513365155, 55.9461329299}}"
257912,,Slight,1,1,05/05/2012,Saturday,5,May,12,19,0,230,Unclassified,,Single carriageway - 2 lanes,50,'T' or staggered junction,Automatic Traffic Signal,Unclassified,,Daylight: no street lighting,Fine (without high winds),Dry,None,None,No overtaking,327810,668760,0,Unset,Pedestrian,365600,unset,EH166RF,Control by other authorised person,Pedestrian phase at traffic signal junction,At scene,55.906562037,-3.15484455901,"{""type"": ""Feature"",""geometry"": {""type"": ""Point"",""coordinates"": -3.15484455901, 55.906562037}}"
259012,,Slight,1,1,10/05/2012,Thursday,10,May,12,23,0,230,A,7,Single carriageway - 2 lanes,30,Crossroads,Automatic Traffic Signal,C,,Darkness: street lights present and lit,Raining (without high winds),Dry,None,None,No overtaking,325940,673630,0,Unset,Pedestrian,365601,unset,EH11RU,No crossing facility within 50m or physical crossing facility not controlled by authorised person,Pedestrian phase at traffic signal junction,At scene,55.9500296772,-3.18608816528,"{""type"": ""Feature"",""geometry"": {""type"": ""Point"",""coordinates"": -3.18608816528, 55.9500296772}}"
259212,,Slight,2,3,10/05/2012,Thursday,10,May,12,12,50,230,Unclassified,,Single carriageway - 2 lanes,30,Not at or within 20 metres of junction,unset,\,,Daylight: no street lighting,Raining (without high winds),Dry,None,None,No overtaking,319500,676360,557148,Segment,T.V.N.P.,365602,unset,EH46JB,No crossing facility within 50m or physical crossing facility not controlled by authorised person,Central refuge - no other controls,At scene,55.9735190889,-3.29001368848,"{""type"": ""Feature"",""geometry"": {""type"": ""Point"",""coordinates"": -3.29001368848, 55.9735190889}}"
260312,,Slight,2,2,11/05/2012,Friday,11,May,12,13,30,230,B,6415,Single carriageway - 2 lanes,30,Other junction,Give way sign or markings,Unclassified,,Daylight: street lights present,Raining (without high winds),Dry,None,None,No overtaking,331430,673450,523671,Junction,T.V.N.P.,365603,unset,EH152EU,No crossing facility within 50m or physical crossing facility not controlled by authorised person,"Pelican, puffin, toucan or similar non-junction pedestrian light crossing",Elsewhere,55.9492272632,-3.09813765211,"{""type"": ""Feature"",""geometry"": {""type"": ""Point"",""coordinates"": -3.09813765211, 55.9492272632}}"
260812,,Slight,3,1,11/05/2012,Friday,11,May,12,7,35,230,A,720,Dual carriageway - 2 lanes,70,Not at or within 20 metres of junction,unset,\,,Daylight: no street lighting,Raining (without high winds),Dry,None,None,No overtaking,323460,668010,570546,Segment,M.V.N.P.,365604,unset,EH107DS,No crossing facility within 50m or physical crossing facility not controlled by authorised person,No physical crossing facility within 50m,At scene,55.899152108,-3.22420316845,"{""type"": ""Feature"",""geometry"": {""type"": ""Point"",""coordinates"": -3.22420316845, 55.899152108}}"
261012,,Slight,4,1,11/05/2012,Friday,11,May,12,12,40,230,Unclassified,,Single carriageway - 2 lanes,30,Other junction,Automatic Traffic Signal,Unclassified,,Daylight: street lights present,Raining (without high winds),Dry,None,None,No overtaking,326890,672240,522072,Junction,M.V.N.P.,365605,unset,EH165AE,No crossing facility within 50m or physical crossing facility not controlled by authorised person,Pedestrian phase at traffic signal junction,At scene,55.937687452,-3.17050054801,"{""type"": ""Feature"",""geometry"": {""type"": ""Point"",""coordinates"": -3.17050054801, 55.937687452}}"
261512,,Slight,2,2,11/05/2012,Friday,11,May,12,17,0,230,C,,Single carriageway - 2 lanes,30,'T' or staggered junction,Give way sign or markings,Unclassified,,Daylight: street lights present,Raining (without high winds),Dry,None,None,No overtaking,321370,670960,529696,Junction,T.V.N.P.,365606,unset,EH142BJ,No crossing facility within 50m or physical crossing facility not controlled by authorised person,No physical crossing facility within 50m,At scene,55.9253172663,-3.25848049903,"{""type"": ""Feature"",""geometry"": {""type"": ""Point"",""coordinates"": -3.25848049903, 55.9253172663}}"
261612,,Serious,1,1,11/05/2012,Friday,11,May,12,21,40,230,A,900,Single carriageway - 2 lanes,30,'T' or staggered junction,Give way sign or markings,Unclassified,,Darkness: street lights present and lit,Raining (without high winds),Dry,None,None,No overtaking,326790,675580,519481,Junction,Pedestrian,365607,unset,EH65EA,No crossing facility within 50m or physical crossing facility not controlled by authorised person,"Pelican, puffin, toucan or similar non-junction pedestrian light crossing",At scene,55.9676785739,-3.17300819026,"{""type"": ""Feature"",""geometry"": {""type"": ""Point"",""coordinates"": -3.17300819026, 55.9676785739}}"
261712,,Slight,1,1,12/05/2012,Saturday,12,May,12,1,5,230,A,702,Single carriageway - 2 lanes,30,Crossroads,Automatic Traffic Signal,C,,Darkness: street lights present and lit,Raining (without high winds),Dry,None,None,No overtaking,324810,673200,521406,Junction,Pedestrian,365608,unset,EH39AN,No crossing facility within 50m or physical crossing facility not controlled by authorised person,Pedestrian phase at traffic signal junction,Elsewhere,55.9459911511,-3.20406102519,"{""type"": ""Feature"",""geometry"": {""type"": ""Point"",""coordinates"": -3.20406102519, 55.9459911511}}"
261912,,Serious,1,1,08/05/2012,Tuesday,8,May,12,14,35,230,Unclassified,,Single carriageway - 2 lanes,20,'T' or staggered junction,Give way sign or markings,Unclassified,,Daylight: street lights present,Fine (without high winds),Dry,None,None,No overtaking,327310,675640,519526,Junction,Pedestrian,365609,unset,EH68BR,No crossing facility within 50m or physical crossing facility not controlled by authorised person,No physical crossing facility within 50m,At scene,55.9682966002,-3.16469462025,"{""type"": ""Feature"",""geometry"": {""type"": ""Point"",""coordinates"": -3.16469462025, 55.9682966002}}"
262212,,Slight,1,1,12/05/2012,Saturday,12,May,12,7,20,230,A,1,Single carriageway - 2 lanes,30,Other junction,Automatic Traffic Signal,Unclassified,,Daylight: street lights present,Fine (without high winds),Dry,None,None,No overtaking,327960,674210,520755,Junction,Pedestrian,365610,unset,EH76AA,No crossing facility within 50m or physical crossing facility not controlled by authorised person,Pedestrian phase at traffic signal junction,At scene,55.9555474583,-3.15389986439,"{""type"": ""Feature"",""geometry"": {""type"": ""Point"",""coordinates"": -3.15389986439, 55.9555474583}}"
262412,,Slight,2,1,11/05/2012,Friday,11,May,12,12,30,230,A,71,Single carriageway - 2 lanes,30,Other junction,Give way sign or markings,Unclassified,,Daylight: street lights present,Raining (without high winds),Dry,None,None,No overtaking,321640,671500,529558,Junction,T.V.N.P.,365611,unset,EH113LE,No crossing facility within 50m or physical crossing facility not controlled by authorised person,No physical crossing facility within 50m,Elsewhere,55.930212525,-3.25431699896,"{""type"": ""Feature"",""geometry"": {""type"": ""Point"",""coordinates"": -3.25431699896, 55.930212525}}"
262812,,Slight,2,1,12/05/2012,Saturday,12,May,12,14,20,230,A,90,Single carriageway - 2 lanes,30,'T' or staggered junction,Give way sign or markings,Unclassified,,Daylight: street lights present,Fine (without high winds),Dry,None,None,No overtaking,322080,674530,520041,Junction,T.V.N.P.,365612,unset,EH43NG,No crossing facility within 50m or physical crossing facility not controlled by authorised person,Pedestrian phase at traffic signal junction,At scene,55.9575046208,-3.24815102055,"{""type"": ""Feature"",""geometry"": {""type"": ""Point"",""coordinates"": -3.24815102055, 55.9575046208}}"
263112,,Slight,1,1,12/05/2012,Saturday,12,May,12,11,0,230,C,,Single carriageway - 2 lanes,30,Roundabout,Give way sign or markings,Unclassified,,Daylight: street lights present,Fine (without high winds),Dry,None,None,No overtaking,324920,673920,521007,Junction,Bus,365613,unset,EH24JN,No crossing facility within 50m or physical crossing facility not controlled by authorised person,"Pelican, puffin, toucan or similar non-junction pedestrian light crossing",Elsewhere,55.9524767131,-3.2025004403,"{""type"": ""Feature"",""geometry"": {""type"": ""Point"",""coordinates"": -3.2025004403, 55.9524767131}}"
264412,,Slight,2,1,11/05/2012,Friday,11,May,12,15,20,230,A,71,Roundabout,30,Roundabout,Give way sign or markings,B,701,Daylight: no street lighting,Fine (without high winds),Dry,None,None,No overtaking,319420,670650,529630,Junction,T.V.N.P.,365614,unset,EH114NT,No crossing facility within 50m or physical crossing facility not controlled by authorised person,No physical crossing facility within 50m,Elsewhere,55.9222096375,-3.28958916182,"{""type"": ""Feature"",""geometry"": {""type"": ""Point"",""coordinates"": -3.28958916182, 55.9222096375}}"
264712,,Slight,2,1,13/05/2012,Sunday,13,May,12,17,17,230,Unclassified,,Single carriageway - 2 lanes,30,Crossroads,Automatic Traffic Signal,C,,Daylight: street lights present,Raining (without high winds),Dry,None,None,No overtaking,326200,673560,521139,Junction,T.V.N.P.,365615,unset,EH11TA,No crossing facility within 50m or physical crossing facility not controlled by authorised person,Pedestrian phase at traffic signal junction,Elsewhere,55.9494408027,-3.18190604414,"{""type"": ""Feature"",""geometry"": {""type"": ""Point"",""coordinates"": -3.18190604414, 55.9494408027}}"
265912,,Slight,2,1,14/05/2012,Monday,14,May,12,8,25,230,A,1,Single carriageway - 2 lanes,40,Roundabout,Give way sign or markings,Unclassified,,Daylight: street lights present,Fine (without high winds),Dry,None,None,No overtaking,330300,672840,12225157,Junction,T.V.N.P.,365616,unset,EH151LF,No crossing facility within 50m or physical crossing facility not controlled by authorised person,No physical crossing facility within 50m,At scene,55.9435843875,-3.11607294528,"{""type"": ""Feature"",""geometry"": {""type"": ""Point"",""coordinates"": -3.11607294528, 55.9435843875}}"
266012,,Slight,2,1,14/05/2012,Monday,14,May,12,11,55,230,B,701,Single carriageway - 2 lanes,30,'T' or staggered junction,Give way sign or markings,Unclassified,,Daylight: street lights present,Fine (without high winds),Dry,None,None,No overtaking,319290,673130,521196,Junction,T.V.N.P.,365617,unset,EH128SL,No crossing facility within 50m or physical crossing facility not controlled by authorised person,"Pelican, puffin, toucan or similar non-junction pedestrian light crossing",At scene,55.9444670702,-3.29241060896,"{""type"": ""Feature"",""geometry"": {""type"": ""Point"",""coordinates"": -3.29241060896, 55.9444670702}}"
266112,,Slight,2,1,14/05/2012,Monday,14,May,12,9,30,230,Motorway,8,Dual carriageway - 2 lanes,70,Not at or within 20 metres of junction,unset,\,,Daylight: street lights present,Fine (without high winds),Dry,None,None,No overtaking,317900,670800,6452850,Segment,T.V.N.P.,365618,unset,EH129BU,No crossing facility within 50m or physical crossing facility not controlled by authorised person,No physical crossing facility within 50m,Elsewhere,55.9233001545,-3.31395346096,"{""type"": ""Feature"",""geometry"": {""type"": ""Point"",""coordinates"": -3.31395346096, 55.9233001545}}"
266512,,Slight,2,1,14/05/2012,Monday,14,May,12,15,20,230,A,902,Single carriageway - 2 lanes,30,Not at or within 20 metres of junction,unset,\,,Daylight: street lights present,Fine (without high winds),Dry,None,None,No overtaking,322850,675580,563670,Segment,T.V.N.P.,365619,unset,EH42PR,No crossing facility within 50m or physical crossing facility not controlled by authorised person,No physical crossing facility within 50m,At scene,55.9670617864,-3.23612078717,"{""type"": ""Feature"",""geometry"": {""type"": ""Point"",""coordinates"": -3.23612078717, 55.9670617864}}"
266912,,Serious,1,2,14/05/2012,Monday,14,May,12,20,40,230,A,6106,Single carriageway - 2 lanes,30,'T' or staggered junction,Give way sign or markings,Unclassified,,Daylight: street lights present,Fine (without high winds),Dry,None,None,No overtaking,330440,672530,532570,Junction,S.V.N.P.,365620,unset,EH153NZ,No crossing facility within 50m or physical crossing facility not controlled by authorised person,No physical crossing facility within 50m,At scene,55.9408195867,-3.11375173534,"{""type"": ""Feature"",""geometry"": {""type"": ""Point"",""coordinates"": -3.11375173534, 55.9408195867}}"
267512,,Slight,1,1,15/05/2012,Tuesday,15,May,12,7,56,230,C,,Single carriageway - 2 lanes,30,Not at or within 20 metres of junction,unset,\,,Daylight: street lights present,Fine (without high winds),Dry,None,None,No overtaking,324640,672920,559484,Segment,Pedestrian,365621,unset,EH39QG,No crossing facility within 50m or physical crossing facility not controlled by authorised person,Pedestrian phase at traffic signal junction,Elsewhere,55.9434490526,-3.2067044256,"{""type"": ""Feature"",""geometry"": {""type"": ""Point"",""coordinates"": -3.2067044256, 55.9434490526}}"
267912,,Slight,2,1,15/05/2012,Tuesday,15,May,12,13,50,230,Unclassified,,Single carriageway - 2 lanes,30,Mini-roundabout,Give way sign or markings,C,,Daylight: street lights present,Fine (without high winds),Dry,None,None,No overtaking,326740,673580,0,Unset,T.V.N.P.,365622,unset,EH88AL,No crossing facility within 50m or physical crossing facility not controlled by authorised person,No physical crossing facility within 50m,At scene,55.9497031053,-3.17326543177,"{""type"": ""Feature"",""geometry"": {""type"": ""Point"",""coordinates"": -3.17326543177, 55.9497031053}}"
269512,,Slight,2,2,15/05/2012,Tuesday,15,May,12,16,15,230,B,900,Single carriageway - 2 lanes,30,Crossroads,Automatic Traffic Signal,Unclassified,,Daylight: street lights present,Fine (without high winds),Dry,None,None,No overtaking,324010,674730,520125,Junction,T.V.N.P.,365623,unset,EH41AW,Control by other authorised person,Pedestrian phase at traffic signal junction,At scene,55.9596105288,-3.21729991823,"{""type"": ""Feature"",""geometry"": {""type"": ""Point"",""coordinates"": -3.21729991823, 55.9596105288}}"
269812,,Slight,1,2,16/05/2012,Wednesday,16,May,12,16,50,230,Unclassified,,Single carriageway - 2 lanes,30,Not at or within 20 metres of junction,unset,\,,Daylight: street lights present,Fine (without high winds),Dry,None,None,No overtaking,329850,674420,557545,Segment,Pedestrian,365624,unset,EH76TT,No crossing facility within 50m or physical crossing facility not controlled by authorised person,No physical crossing facility within 50m,At scene,55.9577137882,-3.12368810548,"{""type"": ""Feature"",""geometry"": {""type"": ""Point"",""coordinates"": -3.12368810548, 55.9577137882}}"
271112,,Slight,2,1,17/05/2012,Thursday,17,May,12,6,35,230,Motorway,8,Roundabout,50,Roundabout,Automatic Traffic Signal,Motorway,8,Daylight: street lights present,Raining (without high winds),Dry,None,None,No overtaking,318060,670960,6453338,Junction,T.V.N.P.,365625,unset,EH129BU,No crossing facility within 50m or physical crossing facility not controlled by authorised person,No physical crossing facility within 50m,At scene,55.9247647958,-3.31144206897,"{""type"": ""Feature"",""geometry"": {""type"": ""Point"",""coordinates"": -3.31144206897, 55.9247647958}}"
272112,,Slight,1,1,17/05/2012,Thursday,17,May,12,18,15,230,A,6095,Single carriageway - 2 lanes,30,Roundabout,Give way sign or markings,Unclassified,,Daylight: street lights present,Raining (without high winds),Dry,None,None,No overtaking,331020,671620,530053,Junction,S.V.N.P.,365626,unset,EH153HW,No crossing facility within 50m or physical crossing facility not controlled by authorised person,No physical crossing facility within 50m,At scene,55.9327275685,-3.1042344749,"{""type"": ""Feature"",""geometry"": {""type"": ""Point"",""coordinates"": -3.1042344749, 55.9327275685}}"