acc_ref,beat_no,severity,no_vehicle,no_casualt,a_date,a_day,a_date_day,a_date_mon,a_date_yr,a_time_hr,a_time_min,loc_auth,road1_class,road1_no,road_type,speed_limi,junc_det,junc_ctrl,road2_class,road2_no,light_cond,weather,road_surf,spec_cond,cway_hzrds,ovrtk_patrn,easting,northing,net_id,net_type,acc_type,text_id,division,Postcode,ped_xing_hc,ped_xing_p,place_reported,latitude,longitude,geojson
272312,,Slight,3,1,17/05/2012,Thursday,17,May,12,16,45,230,A,8,Single carriageway - 2 lanes,30,Crossroads,Give way sign or markings,Unclassified,,Daylight: street lights present,Raining (without high winds),Dry,None,None,No overtaking,320500,672820,521736,Junction,M.V.N.P.,365627,unset,EH126NU,No crossing facility within 50m or physical crossing facility not controlled by authorised person,No physical crossing facility within 50m,At scene,55.9418838057,-3.27294891725,"{""type"": ""Feature"",""geometry"": {""type"": ""Point"",""coordinates"": -3.27294891725, 55.9418838057}}"
272912,,Slight,1,1,17/05/2012,Thursday,17,May,12,8,30,230,Unclassified,,One way Street,30,'T' or staggered junction,Give way sign or markings,A,702,Daylight: street lights present,Fine (without high winds),Dry,None,None,No overtaking,324710,673640,520947,Junction,Pedestrian,365628,unset,EH12DA,No crossing facility within 50m or physical crossing facility not controlled by authorised person,No physical crossing facility within 50m,At scene,55.949928383,-3.2057848281,"{""type"": ""Feature"",""geometry"": {""type"": ""Point"",""coordinates"": -3.2057848281, 55.949928383}}"
273112,,Slight,2,1,18/05/2012,Friday,18,May,12,8,35,230,A,720,Dual carriageway - 2 lanes,70,Not at or within 20 metres of junction,unset,\,,Daylight: no street lighting,Raining (without high winds),Dry,None,None,No overtaking,327020,666980,2588141,Segment,T.V.N.P.,365629,unset,EH209NR,No crossing facility within 50m or physical crossing facility not controlled by authorised person,No physical crossing facility within 50m,At scene,55.8904513325,-3.16699928206,"{""type"": ""Feature"",""geometry"": {""type"": ""Point"",""coordinates"": -3.16699928206, 55.8904513325}}"
275112,,Serious,2,1,19/05/2012,Saturday,19,May,12,9,10,230,Unclassified,,Single carriageway - 2 lanes,30,Crossroads,Automatic Traffic Signal,Unclassified,,Daylight: street lights present,Fine (without high winds),Dry,None,None,No overtaking,329760,673300,523641,Junction,Cyclist,365630,unset,EH151ND,No crossing facility within 50m or physical crossing facility not controlled by authorised person,Pedestrian phase at traffic signal junction,At scene,55.9476384645,-3.12483763776,"{""type"": ""Feature"",""geometry"": {""type"": ""Point"",""coordinates"": -3.12483763776, 55.9476384645}}"
275912,,Slight,2,1,19/05/2012,Saturday,19,May,12,19,15,230,Unclassified,,Single carriageway - 2 lanes,30,Not at or within 20 metres of junction,unset,\,,Daylight: street lights present,Fine (without high winds),Dry,None,None,No overtaking,319290,673110,521196,Junction,T.V.N.P.,365631,unset,EH128EH,No crossing facility within 50m or physical crossing facility not controlled by authorised person,No physical crossing facility within 50m,At scene,55.9442873994,-3.2924046246,"{""type"": ""Feature"",""geometry"": {""type"": ""Point"",""coordinates"": -3.2924046246, 55.9442873994}}"
276112,,Slight,2,1,19/05/2012,Saturday,19,May,12,20,40,230,A,900,Single carriageway - 2 lanes,30,'T' or staggered junction,Give way sign or markings,Unclassified,,Daylight: street lights present,Fine (without high winds),Dry,None,None,No overtaking,326770,675530,519475,Junction,Cyclist,365632,unset,EH65EQ,No crossing facility within 50m or physical crossing facility not controlled by authorised person,No physical crossing facility within 50m,Elsewhere,55.9672263291,-3.17331497059,"{""type"": ""Feature"",""geometry"": {""type"": ""Point"",""coordinates"": -3.17331497059, 55.9672263291}}"
276312,,Slight,1,1,19/05/2012,Saturday,19,May,12,17,20,230,A,901,Single carriageway - 2 lanes,30,Not at or within 20 metres of junction,unset,\,,Daylight: street lights present,Fine (without high winds),Dry,None,None,No overtaking,326550,676380,558782,Segment,Pedestrian,365633,unset,EH65LT,No crossing facility within 50m or physical crossing facility not controlled by authorised person,No physical crossing facility within 50m,At scene,55.9748290412,-3.17707089785,"{""type"": ""Feature"",""geometry"": {""type"": ""Point"",""coordinates"": -3.17707089785, 55.9748290412}}"
277812,,Slight,1,1,20/05/2012,Sunday,20,May,12,18,0,230,B,700,Single carriageway - 2 lanes,30,Not at or within 20 metres of junction,unset,\,,Daylight: street lights present,Fine (without high winds),Dry,None,None,No overtaking,324660,673180,566213,Segment,Pedestrian,365634,unset,EH38BL,No crossing facility within 50m or physical crossing facility not controlled by authorised person,No physical crossing facility within 50m,At scene,55.945787985,-3.206456877,"{""type"": ""Feature"",""geometry"": {""type"": ""Point"",""coordinates"": -3.206456877, 55.945787985}}"
278012,,Slight,1,1,20/05/2012,Sunday,20,May,12,17,15,230,A,7,Single carriageway - 2 lanes,30,Crossroads,Automatic Traffic Signal,C,,Daylight: street lights present,Fine (without high winds),Dry,None,None,No overtaking,325930,673680,521103,Junction,Pedestrian,365635,unset,EH11QN,No crossing facility within 50m or physical crossing facility not controlled by authorised person,"Pelican, puffin, toucan or similar non-junction pedestrian light crossing",At scene,55.9504773306,-3.18626201431,"{""type"": ""Feature"",""geometry"": {""type"": ""Point"",""coordinates"": -3.18626201431, 55.9504773306}}"
278212,,Slight,2,1,21/05/2012,Monday,21,May,12,7,45,230,A,8,Dual carriageway - 2 lanes,40,'T' or staggered junction,Give way sign or markings,Unclassified,,Daylight: no street lighting,Fine (without high winds),Dry,None,None,No overtaking,312740,672660,517552,Junction,T.V.N.P.,365636,unset,EH288TA,No crossing facility within 50m or physical crossing facility not controlled by authorised person,No physical crossing facility within 50m,At scene,55.9391005432,-3.39711009698,"{""type"": ""Feature"",""geometry"": {""type"": ""Point"",""coordinates"": -3.39711009698, 55.9391005432}}"
278712,,Slight,2,1,20/05/2012,Sunday,20,May,12,13,30,230,A,8,Dual carriageway - 2 lanes,30,Not at or within 20 metres of junction,unset,\,,Daylight: no street lighting,Fine (without high winds),Dry,None,None,No overtaking,317940,672720,9659466,Segment,T.V.N.P.,365637,unset,EH128ND,No crossing facility within 50m or physical crossing facility not controlled by authorised person,No physical crossing facility within 50m,At scene,55.9405552688,-3.3138971252,"{""type"": ""Feature"",""geometry"": {""type"": ""Point"",""coordinates"": -3.3138971252, 55.9405552688}}"
279112,,Slight,2,1,21/05/2012,Monday,21,May,12,9,27,230,Unclassified,,Single carriageway - 2 lanes,30,Not at or within 20 metres of junction,unset,\,,Daylight: street lights present,Fine (without high winds),Dry,None,None,No overtaking,326380,672070,563095,Segment,T.V.N.P.,365638,unset,EH91PR,No crossing facility within 50m or physical crossing facility not controlled by authorised person,No physical crossing facility within 50m,At scene,55.9360823585,-3.17861740072,"{""type"": ""Feature"",""geometry"": {""type"": ""Point"",""coordinates"": -3.17861740072, 55.9360823585}}"
279512,,Slight,2,1,18/05/2012,Friday,18,May,12,13,30,230,Unclassified,,Single carriageway - 2 lanes,30,Crossroads,Automatic Traffic Signal,C,,Daylight: street lights present,Raining (without high winds),Dry,None,None,No overtaking,329750,673320,523641,Junction,Cyclist,365639,unset,EH151NE,No crossing facility within 50m or physical crossing facility not controlled by authorised person,Pedestrian phase at traffic signal junction,Elsewhere,55.9478166847,-3.12500295504,"{""type"": ""Feature"",""geometry"": {""type"": ""Point"",""coordinates"": -3.12500295504, 55.9478166847}}"
280612,,Serious,1,1,22/05/2012,Tuesday,22,May,12,9,7,230,C,,Single carriageway - 2 lanes,30,Not at or within 20 metres of junction,unset,\,,Daylight: street lights present,Fine (without high winds),Dry,None,None,No overtaking,326660,671330,563146,Segment,Bus,365640,unset,EH93AF,No crossing facility within 50m or physical crossing facility not controlled by authorised person,No physical crossing facility within 50m,At scene,55.929477021,-3.17393475186,"{""type"": ""Feature"",""geometry"": {""type"": ""Point"",""coordinates"": -3.17393475186, 55.929477021}}"
281312,,Slight,2,3,22/05/2012,Tuesday,22,May,12,12,34,230,A,8,Dual carriageway - 2 lanes,40,Not at or within 20 metres of junction,unset,\,,Daylight: street lights present,Fine (without high winds),Dry,None,None,No overtaking,318090,672740,550908,Segment,Bus,365641,unset,EH128LS,Control by other authorised person,Pedestrian phase at traffic signal junction,At scene,55.9407605198,-3.31150219235,"{""type"": ""Feature"",""geometry"": {""type"": ""Point"",""coordinates"": -3.31150219235, 55.9407605198}}"
282712,,Slight,1,1,22/05/2012,Tuesday,22,May,12,15,48,230,Unclassified,,Single carriageway - 2 lanes,30,'T' or staggered junction,Give way sign or markings,Unclassified,,Daylight: street lights present,Fine (without high winds),Dry,None,None,No overtaking,319630,674350,520368,Junction,Bus,365642,unset,EH47HQ,No crossing facility within 50m or physical crossing facility not controlled by authorised person,No physical crossing facility within 50m,At scene,55.9554839742,-3.28733136931,"{""type"": ""Feature"",""geometry"": {""type"": ""Point"",""coordinates"": -3.28733136931, 55.9554839742}}"
282912,,Serious,2,1,22/05/2012,Tuesday,22,May,12,11,35,230,A,8,Single carriageway - 2 lanes,30,Not at or within 20 metres of junction,unset,\,,Daylight: street lights present,Fine (without high winds),Dry,None,None,No overtaking,323900,673220,550607,Segment,Cyclist,365643,unset,EH125JZ,No crossing facility within 50m or physical crossing facility not controlled by authorised person,No physical crossing facility within 50m,Elsewhere,55.9460276049,-3.21863534058,"{""type"": ""Feature"",""geometry"": {""type"": ""Point"",""coordinates"": -3.21863534058, 55.9460276049}}"
283212,,Slight,2,1,22/05/2012,Tuesday,22,May,12,15,55,230,B,701,Single carriageway - 2 lanes,30,Other junction,Automatic Traffic Signal,C,,Daylight: street lights present,Fine (without high winds),Dry,None,None,No overtaking,328310,668470,530311,Junction,Cyclist,365644,unset,EH178JB,No crossing facility within 50m or physical crossing facility not controlled by authorised person,Pedestrian phase at traffic signal junction,At scene,55.9040313819,-3.14677083412,"{""type"": ""Feature"",""geometry"": {""type"": ""Point"",""coordinates"": -3.14677083412, 55.9040313819}}"
283312,,Slight,1,1,23/05/2012,Wednesday,23,May,12,13,35,230,A,701,Single carriageway - 2 lanes,30,Not at or within 20 metres of junction,unset,\,,Daylight: street lights present,Fine (without high winds),Dry,None,None,No overtaking,327280,668230,570773,Segment,Bus,365645,unset,EH166PJ,No crossing facility within 50m or physical crossing facility not controlled by authorised person,No physical crossing facility within 50m,At scene,55.9017207185,-3.16317864264,"{""type"": ""Feature"",""geometry"": {""type"": ""Point"",""coordinates"": -3.16317864264, 55.9017207185}}"
283812,,Slight,2,1,22/05/2012,Tuesday,22,May,12,16,5,230,A,1,Roundabout,30,Roundabout,Give way sign or markings,A,1,Daylight: street lights present,Fine (without high winds),Dry,None,None,No overtaking,331210,672880,521496,Junction,T.V.N.P.,365646,unset,EH153QH,No crossing facility within 50m or physical crossing facility not controlled by authorised person,Pedestrian phase at traffic signal junction,Elsewhere,55.9440748488,-3.10151479755,"{""type"": ""Feature"",""geometry"": {""type"": ""Point"",""coordinates"": -3.10151479755, 55.9440748488}}"
283912,,Slight,1,1,23/05/2012,Wednesday,23,May,12,15,45,230,A,702,Single carriageway - 2 lanes,30,Not at or within 20 metres of junction,unset,\,,Daylight: street lights present,Fine (without high winds),Dry,None,None,No overtaking,324740,673540,520950,Junction,Bus,365647,unset,EH12DA,No crossing facility within 50m or physical crossing facility not controlled by authorised person,No physical crossing facility within 50m,Elsewhere,55.9490346991,-3.20527658097,"{""type"": ""Feature"",""geometry"": {""type"": ""Point"",""coordinates"": -3.20527658097, 55.9490346991}}"
284412,,Serious,1,1,23/05/2012,Wednesday,23,May,12,13,8,230,Unclassified,,Single carriageway - 2 lanes,30,'T' or staggered junction,Give way sign or markings,Unclassified,,Daylight: street lights present,Fine (without high winds),Dry,None,None,No overtaking,325690,673320,521541,Junction,Pedestrian,365648,unset,EH11EN,No crossing facility within 50m or physical crossing facility not controlled by authorised person,Central refuge - no other controls,At scene,55.9472060801,-3.19000557792,"{""type"": ""Feature"",""geometry"": {""type"": ""Point"",""coordinates"": -3.19000557792, 55.9472060801}}"
285312,,Slight,1,1,24/03/2012,Saturday,24,March,12,8,51,230,A,901,Single carriageway - 2 lanes,30,Not at or within 20 metres of junction,unset,\,,Daylight: no street lighting,Fine (without high winds),Dry,None,None,No overtaking,323780,677100,0,Unset,S.V.N.P.,354734,unset,EH51EY,No crossing facility within 50m or physical crossing facility not controlled by authorised person,No physical crossing facility within 50m,At scene,55.9808655745,-3.22165419513,"{""type"": ""Feature"",""geometry"": {""type"": ""Point"",""coordinates"": -3.22165419513, 55.9808655745}}"
286512,,Slight,1,1,23/05/2012,Wednesday,23,May,12,12,35,230,A,6106,Single carriageway - 2 lanes,30,Not at or within 20 metres of junction,unset,\,,Daylight: street lights present,Fine (without high winds),Dry,None,None,No overtaking,330460,671980,6443317,Segment,Bus,365649,unset,EH153EH,No crossing facility within 50m or physical crossing facility not controlled by authorised person,No physical crossing facility within 50m,Elsewhere,55.9358812033,-3.11328983377,"{""type"": ""Feature"",""geometry"": {""type"": ""Point"",""coordinates"": -3.11328983377, 55.9358812033}}"
286812,,Serious,1,1,24/05/2012,Thursday,24,May,12,19,0,230,A,900,Single carriageway - 2 lanes,30,'T' or staggered junction,Give way sign or markings,Unclassified,,Daylight: street lights present,Fine (without high winds),Dry,None,None,No overtaking,326510,675070,2578457,Junction,Pedestrian,365650,unset,EH74PF,No crossing facility within 50m or physical crossing facility not controlled by authorised person,No physical crossing facility within 50m,At scene,55.9630540189,-3.17735429409,"{""type"": ""Feature"",""geometry"": {""type"": ""Point"",""coordinates"": -3.17735429409, 55.9630540189}}"
288012,,Slight,2,1,24/05/2012,Thursday,24,May,12,15,0,230,Unclassified,,Single carriageway - 2 lanes,30,Not at or within 20 metres of junction,unset,\,,Daylight: street lights present,Fine (without high winds),Dry,None,None,No overtaking,321530,674340,565691,Segment,Cyclist,365651,unset,EH43PQ,No crossing facility within 50m or physical crossing facility not controlled by authorised person,No physical crossing facility within 50m,Elsewhere,55.9557082086,-3.25690342867,"{""type"": ""Feature"",""geometry"": {""type"": ""Point"",""coordinates"": -3.25690342867, 55.9557082086}}"
288312,,Slight,1,1,25/05/2012,Friday,25,May,12,13,50,230,Unclassified,,Single carriageway - 2 lanes,30,Crossroads,Automatic Traffic Signal,Unclassified,,Daylight: street lights present,Fine (without high winds),Dry,None,None,No overtaking,326150,675750,519448,Junction,Pedestrian,365652,unset,EH65PU,Control by other authorised person,Pedestrian phase at traffic signal junction,Elsewhere,55.9691078418,-3.1833067642,"{""type"": ""Feature"",""geometry"": {""type"": ""Point"",""coordinates"": -3.1833067642, 55.9691078418}}"
289612,,Slight,2,1,25/05/2012,Friday,25,May,12,7,50,230,A,8,Single carriageway - 2 lanes,30,Other junction,Give way sign or markings,Unclassified,,Daylight: street lights present,Fine (without high winds),Dry,None,None,No overtaking,322620,673210,521277,Junction,Cyclist,365653,unset,EH126DE,No crossing facility within 50m or physical crossing facility not controlled by authorised person,No physical crossing facility within 50m,Elsewhere,55.9457333965,-3.23912453937,"{""type"": ""Feature"",""geometry"": {""type"": ""Point"",""coordinates"": -3.23912453937, 55.9457333965}}"
289712,,Slight,1,1,26/05/2012,Saturday,26,May,12,11,10,230,A,900,Single carriageway - 2 lanes,30,Not at or within 20 metres of junction,unset,\,,Daylight: street lights present,Fine (without high winds),Dry,None,None,No overtaking,326940,675860,0,Unset,Bus,365654,unset,EH68LN,No crossing facility within 50m or physical crossing facility not controlled by authorised person,Pedestrian phase at traffic signal junction,At scene,55.9702169138,-3.17068133708,"{""type"": ""Feature"",""geometry"": {""type"": ""Point"",""coordinates"": -3.17068133708, 55.9702169138}}"
290612,,Slight,1,1,25/05/2012,Friday,25,May,12,14,15,230,Unclassified,,Single carriageway - 2 lanes,30,Not at or within 20 metres of junction,unset,\,,Daylight: street lights present,Fine (without high winds),Dry,None,None,No overtaking,324340,675370,12232805,Segment,Pedestrian,365655,unset,EH35NY,No crossing facility within 50m or physical crossing facility not controlled by authorised person,No physical crossing facility within 50m,At scene,55.9654122425,-3.21219463698,"{""type"": ""Feature"",""geometry"": {""type"": ""Point"",""coordinates"": -3.21219463698, 55.9654122425}}"
290812,,Slight,1,1,04/04/2012,Wednesday,4,April,12,14,45,230,A,901,Single carriageway - 2 lanes,30,Other junction,Automatic Traffic Signal,Unclassified,,Daylight: street lights present,Fine (without high winds),Dry,None,None,No overtaking,325590,677070,0,Unset,Bus,357036,unset,EH64LX,No crossing facility within 50m or physical crossing facility not controlled by authorised person,Pedestrian phase at traffic signal junction,Elsewhere,55.9808800599,-3.19264237618,"{""type"": ""Feature"",""geometry"": {""type"": ""Point"",""coordinates"": -3.19264237618, 55.9808800599}}"
292412,,Slight,2,1,28/05/2012,Monday,28,May,12,7,50,230,Unclassified,,Single carriageway - 2 lanes,30,Not at or within 20 metres of junction,unset,\,,Daylight: street lights present,Fine (without high winds),Dry,None,None,No overtaking,325670,672430,12219985,Segment,Cyclist,365656,unset,EH91JT,No crossing facility within 50m or physical crossing facility not controlled by authorised person,No physical crossing facility within 50m,Elsewhere,55.9392073248,-3.19008054451,"{""type"": ""Feature"",""geometry"": {""type"": ""Point"",""coordinates"": -3.19008054451, 55.9392073248}}"
292912,,Slight,2,1,15/05/2012,Tuesday,15,May,12,16,25,230,C,,Single carriageway - 2 lanes,30,Other junction,Give way sign or markings,Unclassified,,Daylight: street lights present,Fine (without high winds),Dry,None,None,No overtaking,326950,674680,520278,Junction,Cyclist,365657,unset,EH75PL,Control by school crossing patrol,Pedestrian phase at traffic signal junction,At scene,55.9596174061,-3.17020115214,"{""type"": ""Feature"",""geometry"": {""type"": ""Point"",""coordinates"": -3.17020115214, 55.9596174061}}"
293312,,Slight,3,1,19/05/2012,Saturday,19,May,12,16,45,230,C,,Single carriageway - 2 lanes,30,Crossroads,Automatic Traffic Signal,C,,Daylight: street lights present,Fine (without high winds),Dry,None,None,No overtaking,323670,672460,533383,Junction,M.V.N.P.,365658,unset,EH112EQ,No crossing facility within 50m or physical crossing facility not controlled by authorised person,Pedestrian phase at traffic signal junction,At scene,55.9391634559,-3.22210248689,"{""type"": ""Feature"",""geometry"": {""type"": ""Point"",""coordinates"": -3.22210248689, 55.9391634559}}"
293412,,Slight,2,1,27/05/2012,Sunday,27,May,12,1,45,230,Unclassified,,Single carriageway - 2 lanes,30,Crossroads,Give way sign or markings,Unclassified,,Darkness: street lights present and lit,Fine (without high winds),Dry,None,None,No overtaking,323660,673710,520875,Junction,T.V.N.P.,365659,unset,EH43DQ,No crossing facility within 50m or physical crossing facility not controlled by authorised person,No physical crossing facility within 50m,At scene,55.9503915953,-3.22261633619,"{""type"": ""Feature"",""geometry"": {""type"": ""Point"",""coordinates"": -3.22261633619, 55.9503915953}}"
293512,,Slight,1,1,25/05/2012,Friday,25,May,12,15,30,230,C,,Unknown,30,Not at or within 20 metres of junction,unset,\,,Daylight: street lights present,Fine (without high winds),Dry,None,None,No overtaking,325660,673580,521118,Junction,Pedestrian,365660,unset,EH11RF,No crossing facility within 50m or physical crossing facility not controlled by authorised person,No physical crossing facility within 50m,Elsewhere,55.94953725,-3.1905575588,"{""type"": ""Feature"",""geometry"": {""type"": ""Point"",""coordinates"": -3.1905575588, 55.94953725}}"
293812,,Slight,2,1,27/05/2012,Sunday,27,May,12,17,15,230,A,7,Single carriageway - 2 lanes,30,'T' or staggered junction,Automatic Traffic Signal,Unclassified,,Daylight: street lights present,Fine (without high winds),Dry,None,None,No overtaking,326000,673420,521589,Junction,T.V.N.P.,365661,unset,EH11LL,No crossing facility within 50m or physical crossing facility not controlled by authorised person,No physical crossing facility within 50m,Elsewhere,55.9481523015,-3.18506985303,"{""type"": ""Feature"",""geometry"": {""type"": ""Point"",""coordinates"": -3.18506985303, 55.9481523015}}"
294012,,Slight,2,2,28/05/2012,Monday,28,May,12,15,55,230,Unclassified,,Single carriageway - 2 lanes,30,Crossroads,Give way sign or markings,Unclassified,,Daylight: no street lighting,Fine (without high winds),Dry,None,None,No overtaking,320880,669060,0,Unset,T.V.N.P.,365662,unset,EH130LP,No crossing facility within 50m or physical crossing facility not controlled by authorised person,No physical crossing facility within 50m,At scene,55.9081679351,-3.26576450723,"{""type"": ""Feature"",""geometry"": {""type"": ""Point"",""coordinates"": -3.26576450723, 55.9081679351}}"
294212,,Serious,2,1,05/05/2012,Saturday,5,May,12,8,48,230,C,,Roundabout,30,Roundabout,Give way sign or markings,Unclassified,,Daylight: street lights present,Fine (without high winds),Dry,None,None,No overtaking,325360,674040,520506,Junction,Cyclist,365663,unset,EH22PA,No crossing facility within 50m or physical crossing facility not controlled by authorised person,No physical crossing facility within 50m,At scene,55.9536233247,-3.19548824274,"{""type"": ""Feature"",""geometry"": {""type"": ""Point"",""coordinates"": -3.19548824274, 55.9536233247}}"
295212,,Serious,2,1,28/05/2012,Monday,28,May,12,17,10,230,B,901,Single carriageway - 2 lanes,30,Not at or within 20 metres of junction,unset,\,,Daylight: no street lighting,Fine (without high winds),Dry,None,None,No overtaking,325310,675040,566873,Segment,Cyclist,365664,unset,EH35LH,No crossing facility within 50m or physical crossing facility not controlled by authorised person,Pedestrian phase at traffic signal junction,At scene,55.9625994035,-3.19656602585,"{""type"": ""Feature"",""geometry"": {""type"": ""Point"",""coordinates"": -3.19656602585, 55.9625994035}}"
295412,,Slight,2,1,28/05/2012,Monday,28,May,12,15,30,230,A,70,Single carriageway - 2 lanes,40,Not at or within 20 metres of junction,unset,\,,Daylight: no street lighting,Fine (without high winds),Dry,None,None,No overtaking,321410,670190,529969,Junction,T.V.N.P.,365665,unset,EH142LU,No crossing facility within 50m or physical crossing facility not controlled by authorised person,No physical crossing facility within 50m,At scene,55.918406358,-3.25761644151,"{""type"": ""Feature"",""geometry"": {""type"": ""Point"",""coordinates"": -3.25761644151, 55.918406358}}"
295512,,Slight,1,1,29/05/2012,Tuesday,29,May,12,8,45,230,Unclassified,,Single carriageway - 2 lanes,30,Not at or within 20 metres of junction,unset,\,,Daylight: no street lighting,Fine (without high winds),Dry,None,None,No overtaking,328730,672710,0,Unset,Pedestrian,365666,unset,EH151ST,No crossing facility within 50m or physical crossing facility not controlled by authorised person,No physical crossing facility within 50m,Elsewhere,55.942186239,-3.14117271623,"{""type"": ""Feature"",""geometry"": {""type"": ""Point"",""coordinates"": -3.14117271623, 55.942186239}}"
295712,,Serious,1,1,28/05/2012,Monday,28,May,12,8,25,230,Unclassified,,Single carriageway - 2 lanes,30,Not at or within 20 metres of junction,unset,\,,Daylight: no street lighting,Fine (without high winds),Dry,None,Other object in carriageway,No overtaking,324410,670920,12227625,Segment,Cyclist,365667,unset,EH105JB,No crossing facility within 50m or physical crossing facility not controlled by authorised person,No physical crossing facility within 50m,Elsewhere,55.9254452624,-3.20982626092,"{""type"": ""Feature"",""geometry"": {""type"": ""Point"",""coordinates"": -3.20982626092, 55.9254452624}}"
299512,,Slight,2,2,30/05/2012,Wednesday,30,May,12,10,45,230,A,90,Single carriageway - 2 lanes,40,Not at or within 20 metres of junction,unset,\,,Daylight: street lights present,Raining (without high winds),Dry,None,None,No overtaking,321210,675020,522330,Junction,T.V.N.P.,365668,unset,EH45EF,No crossing facility within 50m or physical crossing facility not controlled by authorised person,No physical crossing facility within 50m,At scene,55.9617647044,-3.26222648362,"{""type"": ""Feature"",""geometry"": {""type"": ""Point"",""coordinates"": -3.26222648362, 55.9617647044}}"
300212,,Slight,1,1,30/05/2012,Wednesday,30,May,12,16,30,230,A,6095,Single carriageway - 2 lanes,30,Other junction,Give way sign or markings,Unclassified,,Daylight: street lights present,Fine (without high winds),Dry,None,None,No overtaking,331890,671850,522969,Junction,Pedestrian,365669,unset,EH218RB,No crossing facility within 50m or physical crossing facility not controlled by authorised person,No physical crossing facility within 50m,Elsewhere,55.9349179531,-3.09036837416,"{""type"": ""Feature"",""geometry"": {""type"": ""Point"",""coordinates"": -3.09036837416, 55.9349179531}}"
300912,,Serious,1,1,31/05/2012,Thursday,31,May,12,9,35,230,Unclassified,,Single carriageway - 2 lanes,30,Not at or within 20 metres of junction,unset,\,,Daylight: street lights present,Other,Dry,None,None,No overtaking,312750,678420,3948312,Segment,Bus,365670,unset,EH309RE,No crossing facility within 50m or physical crossing facility not controlled by authorised person,No physical crossing facility within 50m,At scene,55.9908451449,-3.39881561225,"{""type"": ""Feature"",""geometry"": {""type"": ""Point"",""coordinates"": -3.39881561225, 55.9908451449}}"
301112,,Slight,2,1,31/05/2012,Thursday,31,May,12,8,0,230,A,90,Single carriageway - 2 lanes,40,Not at or within 20 metres of junction,unset,\,,Daylight: street lights present,Raining (without high winds),Dry,None,None,No overtaking,318480,674980,555447,Segment,T.V.N.P.,365671,unset,EH46AT,No crossing facility within 50m or physical crossing facility not controlled by authorised person,Pedestrian phase at traffic signal junction,At scene,55.9609498191,-3.30593678699,"{""type"": ""Feature"",""geometry"": {""type"": ""Point"",""coordinates"": -3.30593678699, 55.9609498191}}"
301312,,Slight,2,2,31/05/2012,Thursday,31,May,12,6,50,230,Unclassified,,Single carriageway - 2 lanes,30,Not at or within 20 metres of junction,unset,\,,Daylight: no street lighting,Fine (without high winds),Dry,None,None,No overtaking,313020,678330,3948181,Segment,T.V.N.P.,365672,unset,EH309LH,No crossing facility within 50m or physical crossing facility not controlled by authorised person,No physical crossing facility within 50m,At scene,55.9900856855,-3.39445923758,"{""type"": ""Feature"",""geometry"": {""type"": ""Point"",""coordinates"": -3.39445923758, 55.9900856855}}"
301412,,Slight,2,1,26/05/2012,Saturday,26,May,12,0,30,230,A,7,Single carriageway - 2 lanes,30,'T' or staggered junction,Give way sign or markings,Unclassified,,Darkness: street lights present and lit,Fine (without high winds),Dry,None,None,No overtaking,325950,673600,521106,Junction,T.V.N.P.,365673,unset,EH11HN,No crossing facility within 50m or physical crossing facility not controlled by authorised person,Pedestrian phase at traffic signal junction,At scene,55.9497617014,-3.18591981276,"{""type"": ""Feature"",""geometry"": {""type"": ""Point"",""coordinates"": -3.18591981276, 55.9497617014}}"
301712,,Slight,1,1,14/04/2012,Saturday,14,April,12,19,0,230,Unclassified,,Single carriageway - 2 lanes,30,Using private drive or entrance,Give way sign or markings,Unclassified,,Daylight: street lights present,Fine (without high winds),Dry,None,None,No overtaking,326660,674550,12222458,Segment,Pedestrian,357037,unset,EH75EE,No crossing facility within 50m or physical crossing facility not controlled by authorised person,No physical crossing facility within 50m,Elsewhere,55.9584053102,-3.17481023875,"{""type"": ""Feature"",""geometry"": {""type"": ""Point"",""coordinates"": -3.17481023875, 55.9584053102}}"
302012,,Slight,2,1,31/05/2012,Thursday,31,May,12,18,15,230,A,1,Single carriageway - 2 lanes,40,Not at or within 20 metres of junction,unset,\,,Daylight: street lights present,Raining (without high winds),Dry,None,None,No overtaking,331130,672910,2106355,Segment,T.V.N.P.,365674,unset,EH153BA,No crossing facility within 50m or physical crossing facility not controlled by authorised person,No physical crossing facility within 50m,At scene,55.9443329178,-3.10280320792,"{""type"": ""Feature"",""geometry"": {""type"": ""Point"",""coordinates"": -3.10280320792, 55.9443329178}}"