acc_ref,beat_no,severity,no_vehicle,no_casualt,a_date,a_day,a_date_day,a_date_mon,a_date_yr,a_time_hr,a_time_min,loc_auth,road1_class,road1_no,road_type,speed_limi,junc_det,junc_ctrl,road2_class,road2_no,light_cond,weather,road_surf,spec_cond,cway_hzrds,ovrtk_patrn,easting,northing,net_id,net_type,acc_type,text_id,division,Postcode,ped_xing_hc,ped_xing_p,place_reported,latitude,longitude,geojson
342612,,Slight,1,1,21/06/2012,Thursday,21,June,12,15,40,230,Unclassified,,Single carriageway - 2 lanes,30,Not at or within 20 metres of junction,unset,\,,Daylight: street lights present,Raining (without high winds),Dry,None,None,No overtaking,329290,671430,12228226,Segment,Pedestrian,354981,unset,EH164DW,No crossing facility within 50m or physical crossing facility not controlled by authorised person,No physical crossing facility within 50m,At scene,55.9307693118,-3.13187260994,"{""type"": ""Feature"",""geometry"": {""type"": ""Point"",""coordinates"": -3.13187260994, 55.9307693118}}"
343912,,Slight,2,1,22/06/2012,Friday,22,June,12,11,0,230,A,900,Single carriageway - 2 lanes,30,Other junction,Automatic Traffic Signal,Unclassified,,Daylight: street lights present,Raining (without high winds),Dry,None,None,No overtaking,326210,674650,12222104,Junction,Cyclist,354982,unset,EH74AE,No crossing facility within 50m or physical crossing facility not controlled by authorised person,Pedestrian phase at traffic signal junction,At scene,55.9592347907,-3.18204430768,"{""type"": ""Feature"",""geometry"": {""type"": ""Point"",""coordinates"": -3.18204430768, 55.9592347907}}"
344012,,Slight,2,1,21/06/2012,Thursday,21,June,12,11,38,230,B,701,Single carriageway - 2 lanes,30,'T' or staggered junction,Give way sign or markings,Unclassified,,Daylight: street lights present,Fine (without high winds),Dry,None,None,No overtaking,318890,674840,519930,Junction,T.V.N.P.,354983,unset,EH48AR,No crossing facility within 50m or physical crossing facility not controlled by authorised person,No physical crossing facility within 50m,At scene,55.959761534,-3.29932841926,"{""type"": ""Feature"",""geometry"": {""type"": ""Point"",""coordinates"": -3.29932841926, 55.959761534}}"
344512,,Slight,2,1,21/06/2012,Thursday,21,June,12,15,45,230,Unclassified,,Dual carriageway - 2 lanes,30,Not at or within 20 metres of junction,unset,\,,Daylight: street lights present,Raining (without high winds),Dry,None,None,No overtaking,321950,673190,565622,Segment,Cyclist,354984,unset,EH126JH,No crossing facility within 50m or physical crossing facility not controlled by authorised person,No physical crossing facility within 50m,Elsewhere,55.9454453892,-3.24984493734,"{""type"": ""Feature"",""geometry"": {""type"": ""Point"",""coordinates"": -3.24984493734, 55.9454453892}}"
345412,,Serious,2,1,22/06/2012,Friday,22,June,12,17,35,230,A,900,Dual carriageway - 2 lanes,30,Crossroads,Automatic Traffic Signal,Unclassified,,Daylight: street lights present,Raining (without high winds),Dry,None,None,No overtaking,326380,674890,520266,Junction,T.V.N.P.,354985,unset,EH74LU,No crossing facility within 50m or physical crossing facility not controlled by authorised person,Pedestrian phase at traffic signal junction,At scene,55.9614170095,-3.17938729286,"{""type"": ""Feature"",""geometry"": {""type"": ""Point"",""coordinates"": -3.17938729286, 55.9614170095}}"
345712,,Serious,2,2,23/06/2012,Saturday,23,June,12,17,20,230,Unclassified,,Single carriageway - 2 lanes,30,Not at or within 20 metres of junction,unset,\,,Daylight: street lights present,Fine (without high winds),Dry,None,None,No overtaking,330250,673130,569094,Segment,T.V.N.P.,354986,unset,EH151JX,No crossing facility within 50m or physical crossing facility not controlled by authorised person,No physical crossing facility within 50m,At scene,55.9461825293,-3.11694839381,"{""type"": ""Feature"",""geometry"": {""type"": ""Point"",""coordinates"": -3.11694839381, 55.9461825293}}"
345812,,Slight,1,1,23/06/2012,Saturday,23,June,12,23,0,230,A,900,Dual carriageway - 2 lanes,30,'T' or staggered junction,Automatic Traffic Signal,A,1,Darkness: street lights present and lit,Fine (without high winds),Dry,None,None,No overtaking,325880,674040,520638,Junction,Pedestrian,354987,unset,EH13SJ,No crossing facility within 50m or physical crossing facility not controlled by authorised person,Pedestrian phase at traffic signal junction,At scene,55.9537038207,-3.18716156444,"{""type"": ""Feature"",""geometry"": {""type"": ""Point"",""coordinates"": -3.18716156444, 55.9537038207}}"
348112,,Slight,2,1,25/06/2012,Monday,25,June,12,9,40,230,B,900,Single carriageway - 2 lanes,30,Not at or within 20 metres of junction,unset,\,,Daylight: no street lighting,Fine (without high winds),Dry,None,None,No overtaking,323800,674680,554177,Segment,T.V.N.P.,354988,unset,EH41BH,No crossing facility within 50m or physical crossing facility not controlled by authorised person,No physical crossing facility within 50m,At scene,55.9591280756,-3.22064895679,"{""type"": ""Feature"",""geometry"": {""type"": ""Point"",""coordinates"": -3.22064895679, 55.9591280756}}"
348312,,Slight,2,1,18/06/2012,Monday,18,June,12,15,45,230,Unclassified,,Single carriageway - 2 lanes,20,Not at or within 20 metres of junction,unset,\,,Daylight: street lights present,Fine (without high winds),Dry,None,None,No overtaking,326340,672220,563155,Segment,Cyclist,354989,unset,EH91PU,No crossing facility within 50m or physical crossing facility not controlled by authorised person,No physical crossing facility within 50m,Elsewhere,55.9374238225,-3.17929856997,"{""type"": ""Feature"",""geometry"": {""type"": ""Point"",""coordinates"": -3.17929856997, 55.9374238225}}"
349012,,Serious,2,1,25/06/2012,Monday,25,June,12,16,29,230,C,,Single carriageway - 2 lanes,30,Roundabout,Automatic Traffic Signal,C,,Daylight: no street lighting,Fine (without high winds),Dry,None,None,No overtaking,325340,674040,520515,Junction,T.V.N.P.,354990,unset,EH21EL,Control by other authorised person,Pedestrian phase at traffic signal junction,At scene,55.9536202175,-3.19580849875,"{""type"": ""Feature"",""geometry"": {""type"": ""Point"",""coordinates"": -3.19580849875, 55.9536202175}}"
349112,,Serious,2,1,25/06/2012,Monday,25,June,12,20,59,230,B,701,Single carriageway - 2 lanes,30,'T' or staggered junction,Give way sign or markings,Unclassified,,Daylight: no street lighting,Fine (without high winds),Dry,None,None,No overtaking,319530,670280,529933,Junction,T.V.N.P.,354991,unset,EH114LL,Control by other authorised person,Pedestrian phase at traffic signal junction,At scene,55.9189041212,-3.28771902485,"{""type"": ""Feature"",""geometry"": {""type"": ""Point"",""coordinates"": -3.28771902485, 55.9189041212}}"
349512,,Serious,1,1,26/06/2012,Tuesday,26,June,12,7,35,230,A,70,Single carriageway - 2 lanes,30,Other junction,Give way sign or markings,A,70,Daylight: no street lighting,Fine (without high winds),Dry,None,None,No overtaking,322530,671290,529576,Junction,Pedestrian,354992,unset,EH141PY,No crossing facility within 50m or physical crossing facility not controlled by authorised person,Central refuge - no other controls,At scene,55.9284701316,-3.24001418991,"{""type"": ""Feature"",""geometry"": {""type"": ""Point"",""coordinates"": -3.24001418991, 55.9284701316}}"
349612,,Slight,2,2,26/06/2012,Tuesday,26,June,12,13,3,230,B,6415,Single carriageway - 2 lanes,30,Crossroads,Give way sign or markings,Unclassified,,Daylight: street lights present,Fine (without high winds),Dry,None,None,No overtaking,331160,673570,531382,Junction,T.V.N.P.,354993,unset,EH152DQ,No crossing facility within 50m or physical crossing facility not controlled by authorised person,No physical crossing facility within 50m,At scene,55.9502667611,-3.10249139697,"{""type"": ""Feature"",""geometry"": {""type"": ""Point"",""coordinates"": -3.10249139697, 55.9502667611}}"
349712,,Slight,2,2,26/06/2012,Tuesday,26,June,12,12,20,230,Unclassified,,Dual carriageway - 2 lanes,40,Other junction,Give way sign or markings,Unclassified,,Daylight: street lights present,Fine (without high winds),Dry,None,None,No overtaking,318320,673700,10303338,Junction,T.V.N.P.,354994,unset,EH128TZ,No crossing facility within 50m or physical crossing facility not controlled by authorised person,No physical crossing facility within 50m,At scene,55.9494237994,-3.3081113421,"{""type"": ""Feature"",""geometry"": {""type"": ""Point"",""coordinates"": -3.3081113421, 55.9494237994}}"
349812,,Slight,1,1,26/06/2012,Tuesday,26,June,12,12,40,230,A,6095,Single carriageway - 2 lanes,30,Crossroads,Automatic Traffic Signal,C,,Daylight: street lights present,Fine (without high winds),Dry,None,None,No overtaking,328810,671640,523773,Junction,Bus,354995,unset,EH164BY,Control by other authorised person,Central refuge - no other controls,At scene,55.9325851492,-3.13960976665,"{""type"": ""Feature"",""geometry"": {""type"": ""Point"",""coordinates"": -3.13960976665, 55.9325851492}}"
350012,,Slight,2,1,25/06/2012,Monday,25,June,12,13,0,230,Unclassified,,Single carriageway - 2 lanes,30,Other junction,Give way sign or markings,Unclassified,,Daylight: street lights present,Fine (without high winds),Dry,None,None,No overtaking,326590,672590,531409,Junction,Cyclist,354996,unset,EH165BP,No crossing facility within 50m or physical crossing facility not controlled by authorised person,No physical crossing facility within 50m,At scene,55.9407861192,-3.1753976766,"{""type"": ""Feature"",""geometry"": {""type"": ""Point"",""coordinates"": -3.1753976766, 55.9407861192}}"
350412,,Slight,2,1,26/06/2012,Tuesday,26,June,12,7,50,230,Unclassified,,Single carriageway - 2 lanes,30,Crossroads,Automatic Traffic Signal,Unclassified,,Daylight: street lights present,Fine (without high winds),Dry,None,None,No overtaking,323340,674890,520071,Junction,Cyclist,354997,unset,EH41QL,No crossing facility within 50m or physical crossing facility not controlled by authorised person,Pedestrian phase at traffic signal junction,At scene,55.9609414759,-3.22807554788,"{""type"": ""Feature"",""geometry"": {""type"": ""Point"",""coordinates"": -3.22807554788, 55.9609414759}}"
350612,,Slight,1,1,26/06/2012,Tuesday,26,June,12,15,10,230,Unclassified,,Single carriageway - 2 lanes,30,'T' or staggered junction,Give way sign or markings,Unclassified,,Daylight: street lights present,Fine (without high winds),Dry,None,None,No overtaking,327210,674550,0,Unset,Pedestrian,354998,unset,EH75SR,No crossing facility within 50m or physical crossing facility not controlled by authorised person,No physical crossing facility within 50m,At scene,55.9584889601,-3.16600202273,"{""type"": ""Feature"",""geometry"": {""type"": ""Point"",""coordinates"": -3.16600202273, 55.9584889601}}"
350912,,Slight,2,1,26/06/2012,Tuesday,26,June,12,15,40,230,A,8,Roundabout,30,Roundabout,Give way sign or markings,B,701,Daylight: street lights present,Fine (without high winds),Dry,None,None,No overtaking,319310,672920,522900,Junction,Cyclist,354999,unset,EH128HH,No crossing facility within 50m or physical crossing facility not controlled by authorised person,"Pelican, puffin, toucan or similar non-junction pedestrian light crossing",At scene,55.9425838839,-3.29202762333,"{""type"": ""Feature"",""geometry"": {""type"": ""Point"",""coordinates"": -3.29202762333, 55.9425838839}}"
351212,,Serious,1,1,26/06/2012,Tuesday,26,June,12,17,10,230,C,,Single carriageway - 2 lanes,30,Not at or within 20 metres of junction,unset,\,,Daylight: street lights present,Fine (without high winds),Dry,None,None,No overtaking,325460,671930,566291,Segment,Pedestrian,355000,unset,EH92AA,No crossing facility within 50m or physical crossing facility not controlled by authorised person,No physical crossing facility within 50m,At scene,55.9346828656,-3.19330387916,"{""type"": ""Feature"",""geometry"": {""type"": ""Point"",""coordinates"": -3.19330387916, 55.9346828656}}"
352812,,Slight,2,1,07/06/2012,Thursday,7,June,12,23,30,230,C,,Single carriageway - 2 lanes,30,Not at or within 20 metres of junction,unset,\,,Darkness: street lights present and lit,Raining (without high winds),Dry,None,None,No overtaking,324260,672770,559463,Segment,Cyclist,355001,unset,EH111AL,No crossing facility within 50m or physical crossing facility not controlled by authorised person,Pedestrian phase at traffic signal junction,At scene,55.9420417537,-3.21274554386,"{""type"": ""Feature"",""geometry"": {""type"": ""Point"",""coordinates"": -3.21274554386, 55.9420417537}}"
352912,,Slight,2,1,27/06/2012,Wednesday,27,June,12,8,10,230,A,6095,Single carriageway - 2 lanes,30,Not at or within 20 metres of junction,unset,\,,Daylight: street lights present,Raining (without high winds),Dry,None,None,No overtaking,328950,671660,553846,Segment,T.V.N.P.,355002,unset,EH164BG,Control by other authorised person,Pedestrian phase at traffic signal junction,At scene,55.9327855366,-3.13737440749,"{""type"": ""Feature"",""geometry"": {""type"": ""Point"",""coordinates"": -3.13737440749, 55.9327855366}}"
355112,,Slight,2,1,27/06/2012,Wednesday,27,June,12,12,0,230,Unclassified,,Single carriageway - 2 lanes,30,'T' or staggered junction,Give way sign or markings,Unclassified,,Daylight: street lights present,Raining (without high winds),Dry,None,None,No overtaking,324490,671200,0,Unset,Cyclist,355003,unset,EH104QQ,No crossing facility within 50m or physical crossing facility not controlled by authorised person,No physical crossing facility within 50m,Elsewhere,55.9279733071,-3.20862446875,"{""type"": ""Feature"",""geometry"": {""type"": ""Point"",""coordinates"": -3.20862446875, 55.9279733071}}"
355512,,Slight,1,1,24/06/2012,Sunday,24,June,12,15,50,230,Unclassified,,Single carriageway - 2 lanes,30,Other junction,Give way sign or markings,Unclassified,,Daylight: street lights present,Fine (without high winds),Dry,None,None,No overtaking,327580,670060,0,Unset,Pedestrian,355004,unset,EH166BD,No crossing facility within 50m or physical crossing facility not controlled by authorised person,No physical crossing facility within 50m,At scene,55.9182067352,-3.15887141898,"{""type"": ""Feature"",""geometry"": {""type"": ""Point"",""coordinates"": -3.15887141898, 55.9182067352}}"
356112,,Slight,2,1,28/06/2012,Thursday,28,June,12,15,5,230,Unclassified,,Single carriageway - 2 lanes,30,Other junction,Automatic Traffic Signal,C,,Daylight: no street lighting,Fine (without high winds),Dry,None,None,No overtaking,324700,674030,520485,Junction,T.V.N.P.,355005,unset,EH36AA,No crossing facility within 50m or physical crossing facility not controlled by authorised person,No physical crossing facility within 50m,At scene,55.9534305085,-3.20605386441,"{""type"": ""Feature"",""geometry"": {""type"": ""Point"",""coordinates"": -3.20605386441, 55.9534305085}}"
356212,,Serious,2,1,28/06/2012,Thursday,28,June,12,16,0,230,Unclassified,,Single carriageway - 2 lanes,30,Not at or within 20 metres of junction,unset,\,,Daylight: street lights present,Fine (without high winds),Dry,None,None,No overtaking,326000,675960,10217371,Segment,Cyclist,355006,unset,EH65QB,No crossing facility within 50m or physical crossing facility not controlled by authorised person,No physical crossing facility within 50m,At scene,55.9709713623,-3.18576735854,"{""type"": ""Feature"",""geometry"": {""type"": ""Point"",""coordinates"": -3.18576735854, 55.9709713623}}"
358312,,Slight,2,1,29/06/2012,Friday,29,June,12,15,40,230,A,720,Single carriageway - 3 lanes,50,Slip road,Give way sign or markings,A,720,Daylight: street lights present,Raining (without high winds),Dry,None,None,No overtaking,318310,670790,2307184,Junction,T.V.N.P.,355007,unset,EH129BU,No crossing facility within 50m or physical crossing facility not controlled by authorised person,No physical crossing facility within 50m,At scene,55.9232801199,-3.30739059699,"{""type"": ""Feature"",""geometry"": {""type"": ""Point"",""coordinates"": -3.30739059699, 55.9232801199}}"
358512,,Serious,1,1,29/06/2012,Friday,29,June,12,16,55,230,Unclassified,,Single carriageway - 2 lanes,30,Crossroads,Automatic Traffic Signal,Unclassified,,Daylight: street lights present,Raining (without high winds),Dry,None,None,No overtaking,322190,671270,529561,Junction,Pedestrian,355008,unset,EH141RJ,No crossing facility within 50m or physical crossing facility not controlled by authorised person,Pedestrian phase at traffic signal junction,At scene,55.9282355702,-3.24544915266,"{""type"": ""Feature"",""geometry"": {""type"": ""Point"",""coordinates"": -3.24544915266, 55.9282355702}}"
359212,,Slight,1,1,30/06/2012,Saturday,30,June,12,1,25,230,Unclassified,,Single carriageway - 2 lanes,30,'T' or staggered junction,Automatic Traffic Signal,A,702,Darkness: no street lighting,Fog (or mist if hazard),Dry,None,None,No overtaking,324760,673430,10254968,Junction,Pedestrian,355009,unset,EH12DA,No crossing facility within 50m or physical crossing facility not controlled by authorised person,Pedestrian phase at traffic signal junction,At scene,55.948049609,-3.2049256723,"{""type"": ""Feature"",""geometry"": {""type"": ""Point"",""coordinates"": -3.2049256723, 55.948049609}}"
359712,,Slight,2,1,30/06/2012,Saturday,30,June,12,15,30,230,Unclassified,,Single carriageway - 2 lanes,30,Multiple junction,Automatic Traffic Signal,C,,Daylight: street lights present,Fine (without high winds),Dry,None,None,No overtaking,319370,672660,0,Unset,T.V.N.P.,355010,unset,EH127UQ,No crossing facility within 50m or physical crossing facility not controlled by authorised person,Pedestrian phase at traffic signal junction,Elsewhere,55.9402582287,-3.29098945824,"{""type"": ""Feature"",""geometry"": {""type"": ""Point"",""coordinates"": -3.29098945824, 55.9402582287}}"
359912,,Slight,2,2,28/06/2012,Thursday,28,June,12,19,35,230,A,900,Dual carriageway - 2 lanes,30,'T' or staggered junction,Automatic Traffic Signal,Unclassified,,Daylight: street lights present,Fine (without high winds),Dry,None,Pedestrian in carriagway - not injured,No overtaking,326080,674430,520659,Junction,T.V.N.P.,355011,unset,EH13AA,No crossing facility within 50m or physical crossing facility not controlled by authorised person,"Pelican, puffin, toucan or similar non-junction pedestrian light crossing",At scene,55.9572383491,-3.18406593848,"{""type"": ""Feature"",""geometry"": {""type"": ""Point"",""coordinates"": -3.18406593848, 55.9572383491}}"
360112,,Slight,1,1,30/06/2012,Saturday,30,June,12,2,20,230,A,702,Single carriageway - 2 lanes,30,Not at or within 20 metres of junction,unset,\,,Darkness: street lights present and lit,Fine (without high winds),Dry,None,None,No overtaking,324780,673340,548964,Segment,S.V.N.P.,355012,unset,EH12EA,No crossing facility within 50m or physical crossing facility not controlled by authorised person,No physical crossing facility within 50m,Elsewhere,55.9472441944,-3.2045803601,"{""type"": ""Feature"",""geometry"": {""type"": ""Point"",""coordinates"": -3.2045803601, 55.9472441944}}"
361212,,Slight,2,1,22/06/2012,Friday,22,June,12,18,30,230,Unclassified,,Single carriageway - 2 lanes,30,'T' or staggered junction,Give way sign or markings,Unclassified,,Daylight: street lights present,Unknown,Dry,None,None,No overtaking,325930,671070,533410,Junction,Cyclist,355013,unset,EH93HU,No crossing facility within 50m or physical crossing facility not controlled by authorised person,No physical crossing facility within 50m,Elsewhere,55.9270293227,-3.18554555319,"{""type"": ""Feature"",""geometry"": {""type"": ""Point"",""coordinates"": -3.18554555319, 55.9270293227}}"
362112,,Slight,2,1,30/06/2012,Saturday,30,June,12,23,58,230,A,8,Single carriageway - 2 lanes,30,'T' or staggered junction,Give way sign or markings,Unclassified,,Darkness: street lights present and lit,Raining (without high winds),Dry,None,None,No overtaking,323300,673190,521289,Junction,T.V.N.P.,355014,unset,EH125JD,No crossing facility within 50m or physical crossing facility not controlled by authorised person,No physical crossing facility within 50m,At scene,55.9456627173,-3.228232499,"{""type"": ""Feature"",""geometry"": {""type"": ""Point"",""coordinates"": -3.228232499, 55.9456627173}}"
364012,,Serious,1,1,02/07/2012,Monday,2,July,12,17,25,230,A,772,Single carriageway - 2 lanes,30,'T' or staggered junction,Automatic Traffic Signal,A,701,Daylight: street lights present,Raining (without high winds),Dry,None,None,No overtaking,327190,670750,530071,Junction,Pedestrian,365775,unset,EH165TY,No crossing facility within 50m or physical crossing facility not controlled by authorised person,"Pelican, puffin, toucan or similar non-junction pedestrian light crossing",At scene,55.9243468361,-3.16529676872,"{""type"": ""Feature"",""geometry"": {""type"": ""Point"",""coordinates"": -3.16529676872, 55.9243468361}}"
364312,,Slight,5,3,29/06/2012,Friday,29,June,12,12,0,230,A,90,Single carriageway - 2 lanes,30,'T' or staggered junction,Give way sign or markings,Unclassified,,Daylight: street lights present,Raining (without high winds),Dry,None,None,No overtaking,322010,674590,520044,Junction,M.V.N.P.,355015,unset,EH42AA,No crossing facility within 50m or physical crossing facility not controlled by authorised person,No physical crossing facility within 50m,At scene,55.9580322827,-3.24928936929,"{""type"": ""Feature"",""geometry"": {""type"": ""Point"",""coordinates"": -3.24928936929, 55.9580322827}}"
366512,,Slight,2,1,03/07/2012,Tuesday,3,July,12,22,15,230,A,701,Single carriageway - 2 lanes,30,Crossroads,Give way sign or markings,Unclassified,,Darkness: street lights present and lit,Other,Dry,None,None,No overtaking,327000,671340,529606,Junction,T.V.N.P.,365776,unset,EH165PF,No crossing facility within 50m or physical crossing facility not controlled by authorised person,No physical crossing facility within 50m,At scene,55.9296185899,-3.16849643771,"{""type"": ""Feature"",""geometry"": {""type"": ""Point"",""coordinates"": -3.16849643771, 55.9296185899}}"
367112,,Slight,2,1,03/07/2012,Tuesday,3,July,12,19,10,230,Unclassified,,Single carriageway - 2 lanes,30,'T' or staggered junction,Give way sign or markings,Unclassified,,Daylight: no street lighting,Fine (without high winds),Dry,None,None,No overtaking,326500,672680,522462,Junction,T.V.N.P.,365777,unset,EH89RB,No crossing facility within 50m or physical crossing facility not controlled by authorised person,"Pelican, puffin, toucan or similar non-junction pedestrian light crossing",Elsewhere,55.9415809214,-3.17686288115,"{""type"": ""Feature"",""geometry"": {""type"": ""Point"",""coordinates"": -3.17686288115, 55.9415809214}}"
367912,,Slight,3,2,03/07/2012,Tuesday,3,July,12,16,55,230,A,720,Dual carriageway - 2 lanes,70,Not at or within 20 metres of junction,unset,\,,Daylight: street lights present,Fine (without high winds),Dry,None,None,No overtaking,330100,667720,2579183,Segment,M.V.N.P.,365778,unset,EH181AT,No crossing facility within 50m or physical crossing facility not controlled by authorised person,No physical crossing facility within 50m,At scene,55.8975564965,-3.11794993783,"{""type"": ""Feature"",""geometry"": {""type"": ""Point"",""coordinates"": -3.11794993783, 55.8975564965}}"
368112,,Slight,1,1,03/07/2012,Tuesday,3,July,12,19,20,230,B,701,Single carriageway - 2 lanes,30,Not at or within 20 metres of junction,unset,\,,Daylight: street lights present,Fine (without high winds),Dry,None,None,No overtaking,325370,667970,2105978,Segment,S.V.N.P.,365779,unset,EH107DR,No crossing facility within 50m or physical crossing facility not controlled by authorised person,No physical crossing facility within 50m,At scene,55.8990925977,-3.19365058181,"{""type"": ""Feature"",""geometry"": {""type"": ""Point"",""coordinates"": -3.19365058181, 55.8990925977}}"
368312,,Slight,3,1,04/07/2012,Wednesday,4,July,12,17,20,230,C,,Single carriageway - 2 lanes,30,Crossroads,Stop sign,Unclassified,,Daylight: street lighting unknown,Raining (without high winds),Dry,None,None,No overtaking,327030,675220,519900,Junction,M.V.N.P.,365780,unset,EH68RT,No crossing facility within 50m or physical crossing facility not controlled by authorised person,Pedestrian phase at traffic signal junction,At scene,55.9644808877,-3.16906616566,"{""type"": ""Feature"",""geometry"": {""type"": ""Point"",""coordinates"": -3.16906616566, 55.9644808877}}"
368612,,Slight,2,1,05/07/2012,Thursday,5,July,12,1,49,230,Unclassified,,Single carriageway - 2 lanes,30,Not at or within 20 metres of junction,unset,\,,Darkness: street lights present and lit,Fog (or mist if hazard),Dry,None,None,No overtaking,322500,671330,562015,Segment,T.V.N.P.,365781,unset,EH141QH,No crossing facility within 50m or physical crossing facility not controlled by authorised person,No physical crossing facility within 50m,At scene,55.9288246481,-3.24050573606,"{""type"": ""Feature"",""geometry"": {""type"": ""Point"",""coordinates"": -3.24050573606, 55.9288246481}}"
370212,,Slight,2,1,05/07/2012,Thursday,5,July,12,7,45,230,Unclassified,,Single carriageway - 2 lanes,30,Not at or within 20 metres of junction,unset,\,,Daylight: street lights present,Fine (without high winds),Dry,Road works present,None,No overtaking,325380,675480,0,Unset,T.V.N.P.,365782,unset,EH74HF,No crossing facility within 50m or physical crossing facility not controlled by authorised person,No physical crossing facility within 50m,Elsewhere,55.9665631737,-3.19556674911,"{""type"": ""Feature"",""geometry"": {""type"": ""Point"",""coordinates"": -3.19556674911, 55.9665631737}}"
371912,,Slight,1,1,30/06/2012,Saturday,30,June,12,23,20,230,A,8,Single carriageway - 2 lanes,30,'T' or staggered junction,Automatic Traffic Signal,Unclassified,,Darkness: street lights present and lit,Unknown,Dry,Road works present,None,No overtaking,325630,673940,521091,Junction,Cyclist,355016,unset,EH22EJ,Control by other authorised person,Pedestrian phase at traffic signal junction,Elsewhere,55.9527668036,-3.19113719342,"{""type"": ""Feature"",""geometry"": {""type"": ""Point"",""coordinates"": -3.19113719342, 55.9527668036}}"
372112,,Slight,2,1,06/07/2012,Friday,6,July,12,13,25,230,A,902,Single carriageway - 2 lanes,30,'T' or staggered junction,Automatic Traffic Signal,Unclassified,,Daylight: no street lighting,Fine (without high winds),Dry,None,None,No overtaking,322480,674960,520062,Junction,T.V.N.P.,365783,unset,EH42NG,No crossing facility within 50m or physical crossing facility not controlled by authorised person,Pedestrian phase at traffic signal junction,At scene,55.9614323192,-3.24186906884,"{""type"": ""Feature"",""geometry"": {""type"": ""Point"",""coordinates"": -3.24186906884, 55.9614323192}}"
373212,,Slight,1,1,07/07/2012,Saturday,7,July,12,15,30,230,A,8,Dual carriageway - 2 lanes,30,'T' or staggered junction,Automatic Traffic Signal,Unclassified,,Daylight: street lights present,Raining (without high winds),Dry,None,None,No overtaking,325560,673930,521097,Junction,Bus,365784,unset,EH22DF,No crossing facility within 50m or physical crossing facility not controlled by authorised person,No physical crossing facility within 50m,At scene,55.9526661257,-3.19225530499,"{""type"": ""Feature"",""geometry"": {""type"": ""Point"",""coordinates"": -3.19225530499, 55.9526661257}}"
375212,,Slight,3,1,08/07/2012,Sunday,8,July,12,13,15,230,A,6095,Single carriageway - 2 lanes,30,Not at or within 20 metres of junction,unset,\,,Daylight: street lights present,Other,Dry,None,None,No overtaking,331180,671670,553921,Segment,M.V.N.P.,365785,unset,EH153HS,No crossing facility within 50m or physical crossing facility not controlled by authorised person,No physical crossing facility within 50m,At scene,55.9331997031,-3.10168646973,"{""type"": ""Feature"",""geometry"": {""type"": ""Point"",""coordinates"": -3.10168646973, 55.9331997031}}"
376612,,Slight,2,2,09/07/2012,Monday,9,July,12,14,20,230,A,8,Single carriageway - 2 lanes,40,Not at or within 20 metres of junction,unset,\,,Daylight: street lights present,Raining (without high winds),Dry,None,None,No overtaking,318450,672770,550652,Segment,T.V.N.P.,365786,unset,EH128NG,No crossing facility within 50m or physical crossing facility not controlled by authorised person,No physical crossing facility within 50m,At scene,55.9410912295,-3.30574880642,"{""type"": ""Feature"",""geometry"": {""type"": ""Point"",""coordinates"": -3.30574880642, 55.9410912295}}"
377412,,Slight,2,1,21/03/2012,Wednesday,21,March,12,8,25,230,B,901,Roundabout,30,Roundabout,Give way sign or markings,C,,Daylight: street lighting unknown,Fine (without high winds),Dry,None,None,No overtaking,325770,674670,520203,Junction,T.V.N.P.,338140,unset,EH74BN,Control by other authorised person,Pedestrian phase at traffic signal junction,At scene,55.9593466809,-3.1890964882,"{""type"": ""Feature"",""geometry"": {""type"": ""Point"",""coordinates"": -3.1890964882, 55.9593466809}}"
379612,,Slight,2,1,10/07/2012,Tuesday,10,July,12,20,50,230,A,700,Single carriageway - 2 lanes,30,Not at or within 20 metres of junction,unset,\,,Daylight: street lights present,Raining (without high winds),Dry,None,None,No overtaking,325920,672480,559586,Segment,T.V.N.P.,365787,unset,EH91LW,No crossing facility within 50m or physical crossing facility not controlled by authorised person,No physical crossing facility within 50m,At scene,55.9396951083,-3.18609254589,"{""type"": ""Feature"",""geometry"": {""type"": ""Point"",""coordinates"": -3.18609254589, 55.9396951083}}"