acc_ref,beat_no,severity,no_vehicle,no_casualt,a_date,a_day,a_date_day,a_date_mon,a_date_yr,a_time_hr,a_time_min,loc_auth,road1_class,road1_no,road_type,speed_limi,junc_det,junc_ctrl,road2_class,road2_no,light_cond,weather,road_surf,spec_cond,cway_hzrds,ovrtk_patrn,easting,northing,net_id,net_type,acc_type,text_id,division,Postcode,ped_xing_hc,ped_xing_p,place_reported,latitude,longitude,geojson
459912,,Slight,2,2,23/08/2012,Thursday,23,August,12,20,55,230,B,701,Single carriageway - 2 lanes,30,Other junction,Automatic Traffic Signal,A,772,Darkness: street lights present and lit,Fine (without high winds),Dry,None,None,No overtaking,329240,668680,530257,Junction,Bus,357246,unset,EH178RQ,No crossing facility within 50m or physical crossing facility not controlled by authorised person,No physical crossing facility within 50m,At scene,55.9060556522,-3.13195256422,"{""type"": ""Feature"",""geometry"": {""type"": ""Point"",""coordinates"": -3.13195256422, 55.9060556522}}"
460012,,Slight,2,1,21/08/2012,Tuesday,21,August,12,22,45,230,B,901,Single carriageway - 2 lanes,30,Crossroads,Automatic Traffic Signal,B,900,Darkness: street lights present and lit,Fine (without high winds),Dry,None,None,No overtaking,325380,675020,519819,Junction,Cyclist,357247,unset,EH74EN,No crossing facility within 50m or physical crossing facility not controlled by authorised person,Pedestrian phase at traffic signal junction,Elsewhere,55.9624306063,-3.19543933113,"{""type"": ""Feature"",""geometry"": {""type"": ""Point"",""coordinates"": -3.19543933113, 55.9624306063}}"
461312,,Slight,2,1,20/08/2012,Monday,20,August,12,8,45,230,A,701,Single carriageway - 2 lanes,40,Other junction,Give way sign or markings,Unclassified,,Daylight: no street lighting,Fine (without high winds),Dry,None,None,No overtaking,327160,670610,522744,Junction,T.V.N.P.,357248,unset,EH165QT,No crossing facility within 50m or physical crossing facility not controlled by authorised person,No physical crossing facility within 50m,At scene,55.9230845345,-3.16573903898,"{""type"": ""Feature"",""geometry"": {""type"": ""Point"",""coordinates"": -3.16573903898, 55.9230845345}}"
461712,,Slight,1,1,23/08/2012,Thursday,23,August,12,8,20,230,C,,Single carriageway - 2 lanes,30,Not at or within 20 metres of junction,unset,\,,Daylight: street lights present,Fine (without high winds),Dry,None,None,No overtaking,326610,669520,553528,Segment,Cyclist,357249,unset,EH166TQ,No crossing facility within 50m or physical crossing facility not controlled by authorised person,No physical crossing facility within 50m,At scene,55.9132084016,-3.17424314736,"{""type"": ""Feature"",""geometry"": {""type"": ""Point"",""coordinates"": -3.17424314736, 55.9132084016}}"
462112,,Slight,1,1,24/08/2012,Friday,24,August,12,11,25,230,C,,Single carriageway - 2 lanes,30,'T' or staggered junction,Give way sign or markings,Unclassified,,Daylight: no street lighting,Fine (without high winds),Dry,None,None,No overtaking,327220,674410,520728,Junction,Bus,357250,unset,EH75SN,No crossing facility within 50m or physical crossing facility not controlled by authorised person,Pedestrian phase at traffic signal junction,At scene,55.9572327224,-3.16580406558,"{""type"": ""Feature"",""geometry"": {""type"": ""Point"",""coordinates"": -3.16580406558, 55.9572327224}}"
462212,,Slight,2,1,23/08/2012,Thursday,23,August,12,15,35,230,A,71,Roundabout,30,Roundabout,Give way sign or markings,A,71,Daylight: street lights present,Fine (without high winds),Dry,None,None,No overtaking,319430,670670,529651,Junction,Cyclist,357251,unset,EH114NT,No crossing facility within 50m or physical crossing facility not controlled by authorised person,No physical crossing facility within 50m,Elsewhere,55.9223909841,-3.28943513467,"{""type"": ""Feature"",""geometry"": {""type"": ""Point"",""coordinates"": -3.28943513467, 55.9223909841}}"
464012,,Slight,1,1,21/08/2012,Tuesday,21,August,12,13,5,230,A,772,Single carriageway - 2 lanes,30,Crossroads,Automatic Traffic Signal,B,701,Daylight: street lights present,Unknown,Dry,None,None,No overtaking,329220,668710,530257,Junction,Pedestrian,357252,unset,EH178QQ,No crossing facility within 50m or physical crossing facility not controlled by authorised person,Pedestrian phase at traffic signal junction,At scene,55.9063222356,-3.13228028859,"{""type"": ""Feature"",""geometry"": {""type"": ""Point"",""coordinates"": -3.13228028859, 55.9063222356}}"
464412,,Serious,2,2,26/08/2012,Sunday,26,August,12,18,43,230,B,924,Single carriageway - 2 lanes,40,Not at or within 20 metres of junction,unset,\,,Daylight: street lights present,Fine (without high winds),Dry,None,None,No overtaking,314880,677940,3948067,Segment,Cyclist,357253,unset,EH309TS,No crossing facility within 50m or physical crossing facility not controlled by authorised person,No physical crossing facility within 50m,At scene,55.9869157863,-3.36452600963,"{""type"": ""Feature"",""geometry"": {""type"": ""Point"",""coordinates"": -3.36452600963, 55.9869157863}}"
464612,,Slight,1,2,20/08/2012,Monday,20,August,12,10,50,230,B,901,Single carriageway - 2 lanes,30,Crossroads,Automatic Traffic Signal,Unclassified,,Daylight: no street lighting,Fine (without high winds),Dry,None,None,No overtaking,325400,675010,519819,Junction,Pedestrian,357254,unset,EH74EN,No crossing facility within 50m or physical crossing facility not controlled by authorised person,No physical crossing facility within 50m,Elsewhere,55.9623438744,-3.19511623349,"{""type"": ""Feature"",""geometry"": {""type"": ""Point"",""coordinates"": -3.19511623349, 55.9623438744}}"
464712,,Slight,1,1,13/08/2012,Monday,13,August,12,18,50,230,B,701,Single carriageway - 2 lanes,30,Other junction,Give way sign or markings,Unclassified,,Daylight: no street lighting,Fine (without high winds),Dry,None,None,No overtaking,328970,668430,530344,Junction,Pedestrian,357255,unset,EH178PP,No crossing facility within 50m or physical crossing facility not controlled by authorised person,No physical crossing facility within 50m,At scene,55.9037698556,-3.13620515033,"{""type"": ""Feature"",""geometry"": {""type"": ""Point"",""coordinates"": -3.13620515033, 55.9037698556}}"
464912,,Slight,1,1,27/08/2012,Monday,27,August,12,0,10,230,C,,Single carriageway - 2 lanes,30,'T' or staggered junction,Automatic Traffic Signal,Unclassified,,Darkness: street lights present and lit,Fine (without high winds),Dry,None,None,No overtaking,326990,674910,520287,Junction,Pedestrian,357256,unset,EH75QH,No crossing facility within 50m or physical crossing facility not controlled by authorised person,No physical crossing facility within 50m,At scene,55.9616897914,-3.16962285447,"{""type"": ""Feature"",""geometry"": {""type"": ""Point"",""coordinates"": -3.16962285447, 55.9616897914}}"
465012,,Slight,1,1,27/08/2012,Monday,27,August,12,5,40,230,C,,Single carriageway - 2 lanes,30,Crossroads,Automatic Traffic Signal,A,7,Daylight: street lights present,Fine (without high winds),Dry,None,None,No overtaking,325940,673650,521103,Junction,Pedestrian,357257,unset,EH11LL,No crossing facility within 50m or physical crossing facility not controlled by authorised person,Pedestrian phase at traffic signal junction,At scene,55.9502093551,-3.18609365861,"{""type"": ""Feature"",""geometry"": {""type"": ""Point"",""coordinates"": -3.18609365861, 55.9502093551}}"
466012,,Slight,3,1,27/08/2012,Monday,27,August,12,14,40,230,Unclassified,,Single carriageway - 2 lanes,30,Not at or within 20 metres of junction,unset,\,,Daylight: street lights present,Raining (without high winds),Dry,None,None,No overtaking,325310,674330,566492,Segment,M.V.N.P.,357258,unset,EH36QE,No crossing facility within 50m or physical crossing facility not controlled by authorised person,No physical crossing facility within 50m,At scene,55.9562208726,-3.19636923794,"{""type"": ""Feature"",""geometry"": {""type"": ""Point"",""coordinates"": -3.19636923794, 55.9562208726}}"
467012,,Slight,2,2,27/08/2012,Monday,27,August,12,17,35,230,Unclassified,,Single carriageway - 2 lanes,30,'T' or staggered junction,Give way sign or markings,Unclassified,,Daylight: no street lighting,Raining (without high winds),Dry,None,None,No overtaking,327460,671430,529609,Junction,T.V.N.P.,357259,unset,EH165JY,No crossing facility within 50m or physical crossing facility not controlled by authorised person,Pedestrian phase at traffic signal junction,At scene,55.9304967544,-3.16115919714,"{""type"": ""Feature"",""geometry"": {""type"": ""Point"",""coordinates"": -3.16115919714, 55.9304967544}}"
467212,,Slight,3,1,27/08/2012,Monday,27,August,12,8,45,230,A,772,Single carriageway - 2 lanes,30,Not at or within 20 metres of junction,unset,\,,Daylight: no street lighting,Raining (without high winds),Dry,None,None,No overtaking,329210,668730,569384,Segment,M.V.N.P.,357260,unset,EH178QQ,No crossing facility within 50m or physical crossing facility not controlled by authorised person,Pedestrian phase at traffic signal junction,At scene,55.9065004475,-3.13244546154,"{""type"": ""Feature"",""geometry"": {""type"": ""Point"",""coordinates"": -3.13244546154, 55.9065004475}}"
469112,,Slight,2,1,27/08/2012,Monday,27,August,12,17,50,230,Unclassified,,Single carriageway - 2 lanes,30,Other junction,Give way sign or markings,A,90,Daylight: no street lighting,Unknown,Dry,None,None,No overtaking,322390,674430,520401,Junction,Cyclist,357261,unset,EH42BG,No crossing facility within 50m or physical crossing facility not controlled by authorised person,Pedestrian phase at traffic signal junction,Elsewhere,55.9566564303,-3.24315784885,"{""type"": ""Feature"",""geometry"": {""type"": ""Point"",""coordinates"": -3.24315784885, 55.9566564303}}"
469212,,Slight,2,1,27/08/2012,Monday,27,August,12,17,40,230,B,701,Single carriageway - 2 lanes,30,Crossroads,Give way sign or markings,Unclassified,,Daylight: no street lighting,Raining (without high winds),Dry,None,None,No overtaking,328560,668490,530332,Junction,T.V.N.P.,357262,unset,EH178LH,No crossing facility within 50m or physical crossing facility not controlled by authorised person,"Pelican, puffin, toucan or similar non-junction pedestrian light crossing",At scene,55.9042482303,-3.1427779522,"{""type"": ""Feature"",""geometry"": {""type"": ""Point"",""coordinates"": -3.1427779522, 55.9042482303}}"
469412,,Serious,1,2,28/08/2012,Tuesday,28,August,12,10,15,230,A,7,Single carriageway - 2 lanes,30,Not at or within 20 metres of junction,unset,\,,Daylight: street lights present,Fine (without high winds),Dry,None,None,No overtaking,325980,673470,569294,Segment,Bus,357263,unset,EH11HR,No crossing facility within 50m or physical crossing facility not controlled by authorised person,Pedestrian phase at traffic signal junction,At scene,55.9485984165,-3.1854037895,"{""type"": ""Feature"",""geometry"": {""type"": ""Point"",""coordinates"": -3.1854037895, 55.9485984165}}"
470712,,Slight,2,1,28/08/2012,Tuesday,28,August,12,15,50,230,Unclassified,,Single carriageway - 2 lanes,30,Mini-roundabout,Give way sign or markings,Unclassified,,Daylight: street lights present,Fine (without high winds),Dry,None,None,No overtaking,320550,675440,519747,Junction,Cyclist,357264,unset,EH45BZ,Control by other authorised person,Zebra crossing,At scene,55.9654290979,-3.27292071095,"{""type"": ""Feature"",""geometry"": {""type"": ""Point"",""coordinates"": -3.27292071095, 55.9654290979}}"
471012,,Slight,1,1,06/06/2012,Wednesday,6,June,12,13,30,230,Unclassified,,Dual carriageway - 2 lanes,30,'T' or staggered junction,Automatic Traffic Signal,Unclassified,,Daylight: no street lighting,Raining (without high winds),Dry,None,None,No overtaking,324330,673040,10331569,Junction,Pedestrian,355019,unset,EH38AY,No crossing facility within 50m or physical crossing facility not controlled by authorised person,No physical crossing facility within 50m,At scene,55.9444784093,-3.21170072808,"{""type"": ""Feature"",""geometry"": {""type"": ""Point"",""coordinates"": -3.21170072808, 55.9444784093}}"
471112,,Slight,4,1,27/08/2012,Monday,27,August,12,15,39,230,A,1,Dual carriageway - 2 lanes,40,Not at or within 20 metres of junction,unset,\,,Daylight: no street lighting,Raining (without high winds),Dry,None,None,No overtaking,331240,672580,552724,Segment,M.V.N.P.,357265,unset,EH153BE,No crossing facility within 50m or physical crossing facility not controlled by authorised person,No physical crossing facility within 50m,At scene,55.94138389,-3.10095804796,"{""type"": ""Feature"",""geometry"": {""type"": ""Point"",""coordinates"": -3.10095804796, 55.94138389}}"
471512,,Slight,1,1,27/08/2012,Monday,27,August,12,13,25,230,Unclassified,,Single carriageway - 2 lanes,30,'T' or staggered junction,Give way sign or markings,Unclassified,,Daylight: street lights present,Raining (without high winds),Dry,None,None,No overtaking,323980,672460,0,Unset,Pedestrian,357266,unset,EH111BS,No crossing facility within 50m or physical crossing facility not controlled by authorised person,No physical crossing facility within 50m,Elsewhere,55.9392125753,-3.21714040853,"{""type"": ""Feature"",""geometry"": {""type"": ""Point"",""coordinates"": -3.21714040853, 55.9392125753}}"
471712,,Slight,2,1,28/08/2012,Tuesday,28,August,12,15,23,230,Unclassified,,Single carriageway - 2 lanes,30,Using private drive or entrance,Stop sign,Unclassified,,Daylight: street lights present,Fine (without high winds),Dry,None,None,No overtaking,331150,672430,556998,Segment,Bus,357267,unset,EH153SA,No crossing facility within 50m or physical crossing facility not controlled by authorised person,No physical crossing facility within 50m,At scene,55.9400233825,-3.1023605137,"{""type"": ""Feature"",""geometry"": {""type"": ""Point"",""coordinates"": -3.1023605137, 55.9400233825}}"
471812,,Slight,2,1,26/08/2012,Sunday,26,August,12,2,15,230,Unclassified,,Single carriageway - 2 lanes,30,Crossroads,Automatic Traffic Signal,A,700,Darkness: street lights present and lit,Fine (without high winds),Dry,None,None,No overtaking,326220,672550,532729,Junction,T.V.N.P.,357268,unset,EH91ND,No crossing facility within 50m or physical crossing facility not controlled by authorised person,Pedestrian phase at traffic signal junction,At scene,55.940370118,-3.18130954757,"{""type"": ""Feature"",""geometry"": {""type"": ""Point"",""coordinates"": -3.18130954757, 55.940370118}}"
472112,,Slight,1,1,29/08/2012,Wednesday,29,August,12,13,27,230,A,900,Single carriageway - 2 lanes,30,Crossroads,Automatic Traffic Signal,Unclassified,,Daylight: street lights present,Raining (without high winds),Dry,None,None,No overtaking,326380,674880,520266,Junction,Pedestrian,357269,unset,EH75HP,No crossing facility within 50m or physical crossing facility not controlled by authorised person,Pedestrian phase at traffic signal junction,At scene,55.9613271705,-3.17938456056,"{""type"": ""Feature"",""geometry"": {""type"": ""Point"",""coordinates"": -3.17938456056, 55.9613271705}}"
472812,,Slight,1,1,29/08/2012,Wednesday,29,August,12,14,0,230,Unclassified,,Single carriageway - 2 lanes,30,Not at or within 20 metres of junction,unset,\,,Daylight: no street lighting,Raining (without high winds),Dry,None,None,No overtaking,320290,669570,565058,Segment,Bus,357270,unset,EH143AE,No crossing facility within 50m or physical crossing facility not controlled by authorised person,No physical crossing facility within 50m,At scene,55.9126522493,-3.27535111575,"{""type"": ""Feature"",""geometry"": {""type"": ""Point"",""coordinates"": -3.27535111575, 55.9126522493}}"
473512,,Slight,2,2,29/08/2012,Wednesday,29,August,12,14,45,230,C,,Single carriageway - 2 lanes,30,Roundabout,Automatic Traffic Signal,C,,Daylight: street lights present,Raining (without high winds),Dry,None,None,No overtaking,325140,674000,521070,Junction,T.V.N.P.,357271,unset,EH22JG,No crossing facility within 50m or physical crossing facility not controlled by authorised person,Pedestrian phase at traffic signal junction,At scene,55.9532297455,-3.19899994772,"{""type"": ""Feature"",""geometry"": {""type"": ""Point"",""coordinates"": -3.19899994772, 55.9532297455}}"
473712,,Slight,1,1,25/08/2012,Saturday,25,August,12,20,5,230,A,70,Single carriageway - 2 lanes,30,Not at or within 20 metres of junction,unset,\,,Daylight: street lights present,Fine (without high winds),Dry,None,None,No overtaking,323980,672990,521814,Junction,Pedestrian,357272,unset,EH112AX,No crossing facility within 50m or physical crossing facility not controlled by authorised person,No physical crossing facility within 50m,At scene,55.9439739913,-3.21728975348,"{""type"": ""Feature"",""geometry"": {""type"": ""Point"",""coordinates"": -3.21728975348, 55.9439739913}}"
474812,,Slight,2,1,23/08/2012,Thursday,23,August,12,23,17,230,Unclassified,,Single carriageway - 2 lanes,30,Not at or within 20 metres of junction,unset,\,,Darkness: street lights present but unlit,Fine (without high winds),Dry,None,None,No overtaking,326270,673380,558290,Segment,Cyclist,357273,unset,EH89TJ,No crossing facility within 50m or physical crossing facility not controlled by authorised person,Central refuge - no other controls,At scene,55.9478344431,-3.1807360478,"{""type"": ""Feature"",""geometry"": {""type"": ""Point"",""coordinates"": -3.1807360478, 55.9478344431}}"
474912,,Slight,2,1,26/08/2012,Sunday,26,August,12,3,0,230,C,,Single carriageway - 2 lanes,30,Not at or within 20 metres of junction,unset,\,,Darkness: street lights present and lit,Unknown,Dry,None,None,No overtaking,325770,673460,2106559,Segment,Cyclist,357274,unset,EH11JW,No crossing facility within 50m or physical crossing facility not controlled by authorised person,No physical crossing facility within 50m,Elsewhere,55.9484761872,-3.18876329861,"{""type"": ""Feature"",""geometry"": {""type"": ""Point"",""coordinates"": -3.18876329861, 55.9484761872}}"
475012,,Slight,2,1,30/08/2012,Thursday,30,August,12,8,50,230,Unclassified,,Single carriageway - 2 lanes,20,'T' or staggered junction,Give way sign or markings,Unclassified,,Daylight: street lights present,Fine (without high winds),Dry,None,None,No overtaking,319860,671530,522111,Junction,T.V.N.P.,357275,unset,EH113SH,No crossing facility within 50m or physical crossing facility not controlled by authorised person,"Pelican, puffin, toucan or similar non-junction pedestrian light crossing",At scene,55.9301887085,-3.28281061536,"{""type"": ""Feature"",""geometry"": {""type"": ""Point"",""coordinates"": -3.28281061536, 55.9301887085}}"
475912,,Slight,2,1,30/08/2012,Thursday,30,August,12,16,55,230,Motorway,9,Dual carriageway - 2 lanes,50,Not at or within 20 metres of junction,unset,\,,Daylight: no street lighting,Fine (without high winds),Dry,None,None,No overtaking,313840,676570,0,Unset,T.V.N.P.,357276,unset,EH309SR,No crossing facility within 50m or physical crossing facility not controlled by authorised person,No physical crossing facility within 50m,At scene,55.9744232602,-3.3807538213,"{""type"": ""Feature"",""geometry"": {""type"": ""Point"",""coordinates"": -3.3807538213, 55.9744232602}}"
476012,,Slight,2,1,30/08/2012,Thursday,30,August,12,18,50,230,A,1140,Single carriageway - 2 lanes,30,'T' or staggered junction,Give way sign or markings,Unclassified,,Daylight: street lights present,Fine (without high winds),Dry,None,None,No overtaking,329030,674250,523440,Junction,Cyclist,357277,unset,EH76PX,No crossing facility within 50m or physical crossing facility not controlled by authorised person,No physical crossing facility within 50m,At scene,55.9560660659,-3.13677550672,"{""type"": ""Feature"",""geometry"": {""type"": ""Point"",""coordinates"": -3.13677550672, 55.9560660659}}"
476612,,Slight,2,1,22/08/2012,Wednesday,22,August,12,17,25,230,A,7,Single carriageway - 2 lanes,30,'T' or staggered junction,Automatic Traffic Signal,Unclassified,,Daylight: street lights present,Fine (without high winds),Dry,None,None,No overtaking,326000,673420,521589,Junction,T.V.N.P.,357278,unset,EH11LL,No crossing facility within 50m or physical crossing facility not controlled by authorised person,Pedestrian phase at traffic signal junction,At scene,55.9481523015,-3.18506985303,"{""type"": ""Feature"",""geometry"": {""type"": ""Point"",""coordinates"": -3.18506985303, 55.9481523015}}"
478912,,Slight,1,1,29/08/2012,Wednesday,29,August,12,22,0,230,A,90,Single carriageway - 2 lanes,30,'T' or staggered junction,Automatic Traffic Signal,Unclassified,,Darkness: street lights present and lit,Fine (without high winds),Dry,None,None,No overtaking,320010,675070,519708,Junction,S.V.N.P.,357279,unset,EH47AA,No crossing facility within 50m or physical crossing facility not controlled by authorised person,No physical crossing facility within 50m,At scene,55.9620155518,-3.28146012236,"{""type"": ""Feature"",""geometry"": {""type"": ""Point"",""coordinates"": -3.28146012236, 55.9620155518}}"
479812,,Fatal,1,1,01/09/2012,Saturday,1,September,12,14,55,230,Unclassified,,Single carriageway - 2 lanes,30,Not at or within 20 metres of junction,unset,\,,Daylight: no street lighting,Fine (without high winds),Dry,None,None,No overtaking,312390,674170,555150,Segment,Pedestrian,357532,unset,EH299DY,No crossing facility within 50m or physical crossing facility not controlled by authorised person,No physical crossing facility within 50m,At scene,55.9526014177,-3.40320250937,"{""type"": ""Feature"",""geometry"": {""type"": ""Point"",""coordinates"": -3.40320250937, 55.9526014177}}"
480212,,Slight,2,1,01/09/2012,Saturday,1,September,12,9,30,230,Unclassified,,Single carriageway - 2 lanes,30,Crossroads,Give way sign or markings,Unclassified,,Daylight: street lights present,Fine (without high winds),Dry,None,None,No overtaking,326420,674670,12222024,Junction,T.V.N.P.,357533,unset,EH75JB,No crossing facility within 50m or physical crossing facility not controlled by authorised person,No physical crossing facility within 50m,At scene,55.9594466798,-3.1786865739,"{""type"": ""Feature"",""geometry"": {""type"": ""Point"",""coordinates"": -3.1786865739, 55.9594466798}}"
481712,,Slight,1,2,02/09/2012,Sunday,2,September,12,3,15,230,A,90,Single carriageway - 2 lanes,30,'T' or staggered junction,Automatic Traffic Signal,A,90,Darkness: street lights present and lit,Fine (without high winds),Dry,None,None,No overtaking,324650,673740,520965,Junction,Pedestrian,357534,unset,EH24DB,No crossing facility within 50m or physical crossing facility not controlled by authorised person,No physical crossing facility within 50m,At scene,55.9508173616,-3.20677344631,"{""type"": ""Feature"",""geometry"": {""type"": ""Point"",""coordinates"": -3.20677344631, 55.9508173616}}"
483212,,Slight,2,1,03/09/2012,Monday,3,September,12,12,0,230,C,,Single carriageway - 2 lanes,30,'T' or staggered junction,Automatic Traffic Signal,A,199,Daylight: street lights present,Fine (without high winds),Dry,None,None,No overtaking,328200,675980,523242,Junction,T.V.N.P.,357535,unset,EH67LA,No crossing facility within 50m or physical crossing facility not controlled by authorised person,Pedestrian phase at traffic signal junction,At scene,55.9714850443,-3.15052826623,"{""type"": ""Feature"",""geometry"": {""type"": ""Point"",""coordinates"": -3.15052826623, 55.9714850443}}"
485212,,Slight,2,1,25/08/2012,Saturday,25,August,12,20,25,230,A,90,Dual carriageway - 2 lanes,70,Not at or within 20 metres of junction,unset,\,,Daylight: no street lighting,Fine (without high winds),Dry,None,None,No overtaking,315960,677090,555414,Segment,T.V.N.P.,357280,unset,EH309TR,No crossing facility within 50m or physical crossing facility not controlled by authorised person,No physical crossing facility within 50m,At scene,55.9794703379,-3.34695288241,"{""type"": ""Feature"",""geometry"": {""type"": ""Point"",""coordinates"": -3.34695288241, 55.9794703379}}"
485412,,Slight,2,1,29/08/2012,Wednesday,29,August,12,10,29,230,A,7,Single carriageway - 2 lanes,30,'T' or staggered junction,Automatic Traffic Signal,Unclassified,,Daylight: no street lighting,Raining (without high winds),Dry,None,None,No overtaking,326000,673420,521589,Junction,Cyclist,357281,unset,EH11LL,Control by other authorised person,Pedestrian phase at traffic signal junction,At scene,55.9481523015,-3.18506985303,"{""type"": ""Feature"",""geometry"": {""type"": ""Point"",""coordinates"": -3.18506985303, 55.9481523015}}"
488212,,Serious,1,1,02/07/2012,Monday,2,July,12,8,47,230,A,1,Dual carriageway - 2 lanes,30,Slip road,Give way sign or markings,Unclassified,,Daylight: no street lighting,Raining (without high winds),Dry,None,None,No overtaking,331450,671940,530977,Junction,S.V.N.P.,365868,unset,EH218RX,No crossing facility within 50m or physical crossing facility not controlled by authorised person,No physical crossing facility within 50m,At scene,55.9356640021,-3.09743371549,"{""type"": ""Feature"",""geometry"": {""type"": ""Point"",""coordinates"": -3.09743371549, 55.9356640021}}"
489812,,Slight,1,2,04/09/2012,Tuesday,4,September,12,15,50,230,A,199,Single carriageway - 2 lanes,30,Crossroads,Automatic Traffic Signal,Unclassified,,Daylight: street lights present,Fine (without high winds),Dry,None,None,No overtaking,327100,676540,519052,Junction,Bus,357536,unset,EH66RA,No crossing facility within 50m or physical crossing facility not controlled by authorised person,Pedestrian phase at traffic signal junction,At scene,55.9763502947,-3.16830228579,"{""type"": ""Feature"",""geometry"": {""type"": ""Point"",""coordinates"": -3.16830228579, 55.9763502947}}"
491512,,Slight,2,1,04/09/2012,Tuesday,4,September,12,19,20,230,A,70,Single carriageway - 2 lanes,30,'T' or staggered junction,Give way sign or markings,Unclassified,,Darkness: street lights present but unlit,Fine (without high winds),Dry,None,None,No overtaking,323670,672690,521790,Junction,T.V.N.P.,357537,unset,EH112EF,No crossing facility within 50m or physical crossing facility not controlled by authorised person,No physical crossing facility within 50m,At scene,55.9412297275,-3.22216755547,"{""type"": ""Feature"",""geometry"": {""type"": ""Point"",""coordinates"": -3.22216755547, 55.9412297275}}"
492412,,Serious,1,1,05/09/2012,Wednesday,5,September,12,13,30,230,Unclassified,,Single carriageway - 2 lanes,30,Crossroads,Automatic Traffic Signal,C,,Daylight: street lights present,Fine (without high winds),Dry,None,None,No overtaking,325070,674250,520545,Junction,Pedestrian,357538,unset,EH21JX,No crossing facility within 50m or physical crossing facility not controlled by authorised person,Pedestrian phase at traffic signal junction,At scene,55.9554647951,-3.2001903225,"{""type"": ""Feature"",""geometry"": {""type"": ""Point"",""coordinates"": -3.2001903225, 55.9554647951}}"
492512,,Slight,2,1,05/09/2012,Wednesday,5,September,12,11,15,230,Unclassified,,Single carriageway - 2 lanes,30,'T' or staggered junction,Give way sign or markings,Unclassified,,Daylight: no street lighting,Fine (without high winds),Dry,None,None,No overtaking,325730,676540,10310083,Junction,T.V.N.P.,357539,unset,EH64QA,No crossing facility within 50m or physical crossing facility not controlled by authorised person,"Pelican, puffin, toucan or similar non-junction pedestrian light crossing",At scene,55.9761403079,-3.19025275458,"{""type"": ""Feature"",""geometry"": {""type"": ""Point"",""coordinates"": -3.19025275458, 55.9761403079}}"
492812,,Serious,2,1,05/09/2012,Wednesday,5,September,12,14,8,230,C,,Single carriageway - 2 lanes,30,Not at or within 20 metres of junction,unset,\,,Daylight: street lights present,Fine (without high winds),Dry,None,None,No overtaking,328790,671700,553633,Segment,T.V.N.P.,357540,unset,EH164BE,Control by other authorised person,Pedestrian phase at traffic signal junction,At scene,55.9331212319,-3.13994568402,"{""type"": ""Feature"",""geometry"": {""type"": ""Point"",""coordinates"": -3.13994568402, 55.9331212319}}"
493312,,Slight,2,1,05/09/2012,Wednesday,5,September,12,15,40,230,Unclassified,,Roundabout,30,Roundabout,Give way sign or markings,C,,Daylight: street lights present,Fine (without high winds),Dry,None,None,No overtaking,321420,671750,522168,Junction,T.V.N.P.,357541,unset,EH113JT,No crossing facility within 50m or physical crossing facility not controlled by authorised person,"Pelican, puffin, toucan or similar non-junction pedestrian light crossing",At scene,55.9324225483,-3.25791038016,"{""type"": ""Feature"",""geometry"": {""type"": ""Point"",""coordinates"": -3.25791038016, 55.9324225483}}"
494812,,Slight,2,1,06/09/2012,Thursday,6,September,12,15,11,230,C,,Single carriageway - 2 lanes,30,Roundabout,Give way sign or markings,Unclassified,,Daylight: street lights present,Fine (without high winds),Dry,None,None,No overtaking,322520,672390,521919,Junction,T.V.N.P.,357542,unset,EH112QW,No crossing facility within 50m or physical crossing facility not controlled by authorised person,Pedestrian phase at traffic signal junction,At scene,55.9383506325,-3.24048996146,"{""type"": ""Feature"",""geometry"": {""type"": ""Point"",""coordinates"": -3.24048996146, 55.9383506325}}"
495212,,Serious,1,1,06/09/2012,Thursday,6,September,12,16,45,230,A,701,Single carriageway - 2 lanes,30,Not at or within 20 metres of junction,unset,\,,Daylight: street lights present,Fine (without high winds),Dry,None,None,No overtaking,327150,670540,570743,Segment,Pedestrian,357543,unset,EH165QR,No crossing facility within 50m or physical crossing facility not controlled by authorised person,"Pelican, puffin, toucan or similar non-junction pedestrian light crossing",At scene,55.9224541402,-3.16588016293,"{""type"": ""Feature"",""geometry"": {""type"": ""Point"",""coordinates"": -3.16588016293, 55.9224541402}}"
496712,,Slight,3,1,07/09/2012,Friday,7,September,12,12,0,230,A,720,Dual carriageway - 2 lanes,70,Not at or within 20 metres of junction,unset,\,,Daylight: no street lighting,Fine (without high winds),Dry,None,None,No overtaking,331520,667920,2579269,Segment,M.V.N.P.,357544,unset,EH221RT,No crossing facility within 50m or physical crossing facility not controlled by authorised person,No physical crossing facility within 50m,At scene,55.8995573985,-3.09529442322,"{""type"": ""Feature"",""geometry"": {""type"": ""Point"",""coordinates"": -3.09529442322, 55.8995573985}}"