acc_ref,beat_no,severity,no_vehicle,no_casualt,a_date,a_day,a_date_day,a_date_mon,a_date_yr,a_time_hr,a_time_min,loc_auth,road1_class,road1_no,road_type,speed_limi,junc_det,junc_ctrl,road2_class,road2_no,light_cond,weather,road_surf,spec_cond,cway_hzrds,ovrtk_patrn,easting,northing,net_id,net_type,acc_type,text_id,division,Postcode,ped_xing_hc,ped_xing_p,place_reported,latitude,longitude,geojson
496912,,Slight,1,1,07/09/2012,Friday,7,September,12,14,40,230,A,900,Single carriageway - 2 lanes,30,Other junction,Automatic Traffic Signal,Unclassified,,Daylight: street lights present,Fine (without high winds),Dry,None,None,No overtaking,326220,674670,520257,Junction,Bus,357545,unset,EH74AE,No crossing facility within 50m or physical crossing facility not controlled by authorised person,No physical crossing facility within 50m,At scene,55.9594160045,-3.18188963147,"{""type"": ""Feature"",""geometry"": {""type"": ""Point"",""coordinates"": -3.18188963147, 55.9594160045}}"
498912,,Serious,1,1,08/09/2012,Saturday,8,September,12,8,30,230,Unclassified,,Single carriageway - 2 lanes,30,Roundabout,Give way sign or markings,A,1,Daylight: street lights present,Fine (without high winds),Dry,None,None,No overtaking,330330,672840,12225153,Junction,Pedestrian,357546,unset,EH151LA,No crossing facility within 50m or physical crossing facility not controlled by authorised person,Pedestrian phase at traffic signal junction,At scene,55.9435887368,-3.11559267198,"{""type"": ""Feature"",""geometry"": {""type"": ""Point"",""coordinates"": -3.11559267198, 55.9435887368}}"
499512,,Slight,4,1,09/09/2012,Sunday,9,September,12,16,30,230,Unclassified,,Single carriageway - 2 lanes,30,Crossroads,Automatic Traffic Signal,Unclassified,,Daylight: no street lighting,Fine (without high winds),Dry,None,None,No overtaking,322170,671290,529561,Junction,M.V.N.P.,357547,unset,EH141RL,Control by other authorised person,Pedestrian phase at traffic signal junction,At scene,55.9284120087,-3.24577495829,"{""type"": ""Feature"",""geometry"": {""type"": ""Point"",""coordinates"": -3.24577495829, 55.9284120087}}"
499812,,Slight,1,2,09/09/2012,Sunday,9,September,12,18,0,230,C,,Single carriageway - 2 lanes,50,Not at or within 20 metres of junction,unset,\,,Daylight: no street lighting,Raining (without high winds),Dry,None,None,No overtaking,325240,670060,553483,Segment,S.V.N.P.,357548,unset,EH106JZ,No crossing facility within 50m or physical crossing facility not controlled by authorised person,No physical crossing facility within 50m,At scene,55.9178488275,-3.19630727779,"{""type"": ""Feature"",""geometry"": {""type"": ""Point"",""coordinates"": -3.19630727779, 55.9178488275}}"
501112,,Slight,1,1,10/09/2012,Monday,10,September,12,11,0,230,C,,Single carriageway - 2 lanes,30,Other junction,Automatic Traffic Signal,C,,Daylight: street lights present,Fine (without high winds),Dry,None,None,No overtaking,324710,674030,520485,Junction,Pedestrian,357549,unset,EH24NG,No crossing facility within 50m or physical crossing facility not controlled by authorised person,Pedestrian phase at traffic signal junction,Elsewhere,55.9534320755,-3.20589373779,"{""type"": ""Feature"",""geometry"": {""type"": ""Point"",""coordinates"": -3.20589373779, 55.9534320755}}"
501412,,Serious,1,1,11/09/2012,Tuesday,11,September,12,5,40,230,A,7,Single carriageway - 2 lanes,30,Not at or within 20 metres of junction,unset,\,,Darkness: street lights present and lit,Fine (without high winds),Dry,None,None,No overtaking,326060,673240,569288,Segment,Pedestrian,357550,unset,EH89DH,No crossing facility within 50m or physical crossing facility not controlled by authorised person,No physical crossing facility within 50m,At scene,55.9465444336,-3.1840598652,"{""type"": ""Feature"",""geometry"": {""type"": ""Point"",""coordinates"": -3.1840598652, 55.9465444336}}"
502412,,Slight,2,1,30/08/2012,Thursday,30,August,12,21,45,230,A,701,Single carriageway - 2 lanes,30,Crossroads,Automatic Traffic Signal,C,,Darkness: street lights present and lit,Unknown,Dry,None,None,No overtaking,327380,669450,530191,Junction,T.V.N.P.,357282,unset,EH166RX,Control by other authorised person,No physical crossing facility within 50m,Elsewhere,55.9126963359,-3.16190716913,"{""type"": ""Feature"",""geometry"": {""type"": ""Point"",""coordinates"": -3.16190716913, 55.9126963359}}"
502712,,Slight,1,1,10/09/2012,Monday,10,September,12,14,35,230,A,702,Single carriageway - 2 lanes,30,'T' or staggered junction,Automatic Traffic Signal,Unclassified,,Daylight: street lights present,Raining (without high winds),Dry,None,None,No overtaking,324760,673430,10254968,Junction,Pedestrian,357551,unset,EH12DA,No crossing facility within 50m or physical crossing facility not controlled by authorised person,Central refuge - no other controls,At scene,55.948049609,-3.2049256723,"{""type"": ""Feature"",""geometry"": {""type"": ""Point"",""coordinates"": -3.2049256723, 55.948049609}}"
503012,,Slight,2,1,10/09/2012,Monday,10,September,12,14,40,230,A,702,Single carriageway - 2 lanes,30,'T' or staggered junction,Automatic Traffic Signal,Unclassified,,Daylight: street lights present,Raining (without high winds),Dry,None,None,No overtaking,324760,673420,10254972,Junction,Cyclist,357552,unset,EH12DA,No crossing facility within 50m or physical crossing facility not controlled by authorised person,Pedestrian phase at traffic signal junction,Elsewhere,55.9479597706,-3.20492288225,"{""type"": ""Feature"",""geometry"": {""type"": ""Point"",""coordinates"": -3.20492288225, 55.9479597706}}"
503412,,Slight,2,1,11/09/2012,Tuesday,11,September,12,18,45,230,Unclassified,,Single carriageway - 2 lanes,30,Not at or within 20 metres of junction,unset,\,,Daylight: street lights present,Fine (without high winds),Dry,None,None,No overtaking,326130,673750,558242,Segment,Cyclist,357553,unset,EH11DR,No crossing facility within 50m or physical crossing facility not controlled by authorised person,No physical crossing facility within 50m,At scene,55.9511369895,-3.18307887794,"{""type"": ""Feature"",""geometry"": {""type"": ""Point"",""coordinates"": -3.18307887794, 55.9511369895}}"
504512,,Serious,1,1,11/09/2012,Tuesday,11,September,12,18,46,230,Unclassified,,Single carriageway - 2 lanes,30,Not at or within 20 metres of junction,unset,\,,Daylight: street lights present,Fine (without high winds),Dry,None,None,No overtaking,323600,675820,563827,Segment,Pedestrian,357554,unset,EH52DW,No crossing facility within 50m or physical crossing facility not controlled by authorised person,No physical crossing facility within 50m,At scene,55.9693377828,-3.22417523989,"{""type"": ""Feature"",""geometry"": {""type"": ""Point"",""coordinates"": -3.22417523989, 55.9693377828}}"
504712,,Serious,2,1,06/09/2012,Thursday,6,September,12,23,45,230,B,1350,Single carriageway - 2 lanes,30,Not at or within 20 metres of junction,unset,\,,Darkness: street lights present and lit,Fine (without high winds),Dry,None,None,No overtaking,326860,674470,557686,Segment,T.V.N.P.,357555,unset,EH75EJ,No crossing facility within 50m or physical crossing facility not controlled by authorised person,Pedestrian phase at traffic signal junction,Elsewhere,55.9577170868,-3.17158554517,"{""type"": ""Feature"",""geometry"": {""type"": ""Point"",""coordinates"": -3.17158554517, 55.9577170868}}"
504812,,Slight,1,1,11/09/2012,Tuesday,11,September,12,16,20,230,Unclassified,,Single carriageway - 2 lanes,30,Other junction,Give way sign or markings,Unclassified,,Daylight: street lights present,Fine (without high winds),Dry,None,None,No overtaking,325870,671180,533413,Junction,Pedestrian,357556,unset,EH92HW,No crossing facility within 50m or physical crossing facility not controlled by authorised person,No physical crossing facility within 50m,At scene,55.9280083107,-3.18653586509,"{""type"": ""Feature"",""geometry"": {""type"": ""Point"",""coordinates"": -3.18653586509, 55.9280083107}}"
505012,,Slight,1,1,12/09/2012,Wednesday,12,September,12,18,40,230,Unclassified,,Single carriageway - 2 lanes,30,Not at or within 20 metres of junction,unset,\,,Daylight: street lights present,Fine (without high winds),Dry,None,None,No overtaking,326630,675260,558467,Segment,Pedestrian,357557,unset,EH65BU,No crossing facility within 50m or physical crossing facility not controlled by authorised person,No physical crossing facility within 50m,At scene,55.9647793067,-3.17548402263,"{""type"": ""Feature"",""geometry"": {""type"": ""Point"",""coordinates"": -3.17548402263, 55.9647793067}}"
505412,,Slight,1,1,08/09/2012,Saturday,8,September,12,17,40,230,C,,Single carriageway - 2 lanes,30,Crossroads,Automatic Traffic Signal,C,,Daylight: no street lighting,Fine (without high winds),Dry,None,None,No overtaking,325610,673580,521124,Junction,Pedestrian,357558,unset,EH12NT,No crossing facility within 50m or physical crossing facility not controlled by authorised person,Pedestrian phase at traffic signal junction,At scene,55.9495295127,-3.19135811582,"{""type"": ""Feature"",""geometry"": {""type"": ""Point"",""coordinates"": -3.19135811582, 55.9495295127}}"
506512,,Serious,2,1,11/09/2012,Tuesday,11,September,12,22,10,230,C,,Single carriageway - 2 lanes,30,Other junction,Give way sign or markings,Unclassified,,Darkness: street lights present and lit,Fine (without high winds),Dry,None,None,No overtaking,325440,672480,522054,Junction,T.V.N.P.,357559,unset,EH91DY,No crossing facility within 50m or physical crossing facility not controlled by authorised person,No physical crossing facility within 50m,At scene,55.9396209032,-3.1937759408,"{""type"": ""Feature"",""geometry"": {""type"": ""Point"",""coordinates"": -3.1937759408, 55.9396209032}}"
506712,,Slight,2,1,12/09/2012,Wednesday,12,September,12,8,10,230,Unclassified,,Single carriageway - 2 lanes,30,Not at or within 20 metres of junction,unset,\,,Daylight: street lights present,Fine (without high winds),Dry,None,None,No overtaking,323590,673800,565835,Segment,T.V.N.P.,357560,unset,EH43DR,Control by other authorised person,"Pelican, puffin, toucan or similar non-junction pedestrian light crossing",At scene,55.9511890092,-3.22376263276,"{""type"": ""Feature"",""geometry"": {""type"": ""Point"",""coordinates"": -3.22376263276, 55.9511890092}}"
507412,,Slight,2,1,13/09/2012,Thursday,13,September,12,8,10,230,C,,Single carriageway - 2 lanes,30,'T' or staggered junction,Give way sign or markings,Unclassified,,Daylight: street lights present,Fine (without high winds),Dry,None,None,No overtaking,325910,673480,521565,Junction,Cyclist,357561,unset,EH11JJ,No crossing facility within 50m or physical crossing facility not controlled by authorised person,No physical crossing facility within 50m,Elsewhere,55.9486774688,-3.18652729172,"{""type"": ""Feature"",""geometry"": {""type"": ""Point"",""coordinates"": -3.18652729172, 55.9486774688}}"
508812,,Slight,2,2,14/09/2012,Friday,14,September,12,15,40,230,A,7,Single carriageway - 2 lanes,30,Crossroads,Give way sign or markings,Unclassified,,Daylight: street lights present,Fine (without high winds),Dry,None,None,No overtaking,326100,673170,521580,Junction,Bus,357562,unset,EH89BZ,No crossing facility within 50m or physical crossing facility not controlled by authorised person,Pedestrian phase at traffic signal junction,At scene,55.9459217121,-3.18340028677,"{""type"": ""Feature"",""geometry"": {""type"": ""Point"",""coordinates"": -3.18340028677, 55.9459217121}}"
508912,,Slight,1,1,14/09/2012,Friday,14,September,12,13,45,230,Unclassified,,Unknown,30,Crossroads,Automatic Traffic Signal,Unclassified,,Daylight: street lights present,Fine (without high winds),Dry,None,None,No overtaking,326390,674890,520266,Junction,Bus,357563,unset,EH75HW,Control by other authorised person,Pedestrian phase at traffic signal junction,At scene,55.961418542,-3.17922713172,"{""type"": ""Feature"",""geometry"": {""type"": ""Point"",""coordinates"": -3.17922713172, 55.961418542}}"
509012,,Slight,2,2,13/09/2012,Thursday,13,September,12,15,45,230,A,6106,Single carriageway - 2 lanes,30,'T' or staggered junction,Give way sign or markings,Unclassified,,Daylight: no street lighting,Fine with high winds,Dry,None,None,No overtaking,330430,672520,532570,Junction,T.V.N.P.,357564,unset,EH153LJ,No crossing facility within 50m or physical crossing facility not controlled by authorised person,No physical crossing facility within 50m,Elsewhere,55.9407282983,-3.1139092365,"{""type"": ""Feature"",""geometry"": {""type"": ""Point"",""coordinates"": -3.1139092365, 55.9407282983}}"
510412,,Slight,2,1,12/09/2012,Wednesday,12,September,12,20,5,230,Unclassified,,Single carriageway - 2 lanes,30,Not at or within 20 metres of junction,unset,\,,Darkness: street lights present and lit,Fine (without high winds),Dry,None,None,No overtaking,330140,673520,559865,Segment,Cyclist,357565,unset,EH151NA,No crossing facility within 50m or physical crossing facility not controlled by authorised person,No physical crossing facility within 50m,At scene,55.9496703558,-3.11881054372,"{""type"": ""Feature"",""geometry"": {""type"": ""Point"",""coordinates"": -3.11881054372, 55.9496703558}}"
510712,,Slight,1,1,15/09/2012,Saturday,15,September,12,10,30,230,B,900,Single carriageway - 2 lanes,30,Using private drive or entrance,Give way sign or markings,Unclassified,,Daylight: street lights present,Fine (without high winds),Dry,None,None,No overtaking,323600,674640,554180,Segment,Pedestrian,357566,unset,EH41AF,No crossing facility within 50m or physical crossing facility not controlled by authorised person,"Pelican, puffin, toucan or similar non-junction pedestrian light crossing",At scene,55.9587369598,-3.2238405987,"{""type"": ""Feature"",""geometry"": {""type"": ""Point"",""coordinates"": -3.2238405987, 55.9587369598}}"
511012,,Slight,2,1,14/09/2012,Friday,14,September,12,17,10,230,Unclassified,,Single carriageway - 2 lanes,30,'T' or staggered junction,Give way sign or markings,Unclassified,,Daylight: street lights present,Fine (without high winds),Dry,None,None,No overtaking,325010,671530,0,Unset,Cyclist,357567,unset,EH104SF,No crossing facility within 50m or physical crossing facility not controlled by authorised person,No physical crossing facility within 50m,Elsewhere,55.931019346,-3.20039498965,"{""type"": ""Feature"",""geometry"": {""type"": ""Point"",""coordinates"": -3.20039498965, 55.931019346}}"
511312,,Slight,2,2,15/09/2012,Saturday,15,September,12,10,55,230,C,,Single carriageway - 2 lanes,30,Crossroads,Give way sign or markings,Unclassified,,Daylight: street lights present,Fine (without high winds),Dry,None,None,No overtaking,330320,673660,523569,Junction,Pedestrian,357568,unset,EH151LX,No crossing facility within 50m or physical crossing facility not controlled by authorised person,No physical crossing facility within 50m,At scene,55.9509542651,-3.11596463249,"{""type"": ""Feature"",""geometry"": {""type"": ""Point"",""coordinates"": -3.11596463249, 55.9509542651}}"
511512,,Slight,2,1,15/09/2012,Saturday,15,September,12,7,20,230,Motorway,8,Dual carriageway - 2 lanes,50,Slip road,Give way sign or markings,Unclassified,,Daylight: street lights present,Fine (without high winds),Dry,None,None,No overtaking,311660,671170,6452027,Junction,T.V.N.P.,357569,unset,EH288LQ,No crossing facility within 50m or physical crossing facility not controlled by authorised person,No physical crossing facility within 50m,At scene,55.9255184759,-3.41390836538,"{""type"": ""Feature"",""geometry"": {""type"": ""Point"",""coordinates"": -3.41390836538, 55.9255184759}}"
512612,,Slight,2,1,15/09/2012,Saturday,15,September,12,13,31,230,Unclassified,,Single carriageway - 2 lanes,30,Crossroads,Automatic Traffic Signal,A,701,Daylight: no street lighting,Fine (without high winds),Dry,None,None,No overtaking,327190,670990,523074,Junction,Bus,357570,unset,EH165PB,No crossing facility within 50m or physical crossing facility not controlled by authorised person,Pedestrian phase at traffic signal junction,At scene,55.9265029953,-3.16536147496,"{""type"": ""Feature"",""geometry"": {""type"": ""Point"",""coordinates"": -3.16536147496, 55.9265029953}}"
513512,,Slight,2,1,15/09/2012,Saturday,15,September,12,13,40,230,A,901,Single carriageway - 2 lanes,30,'T' or staggered junction,Automatic Traffic Signal,A,901,Daylight: street lights present,Fine (without high winds),Dry,None,None,No overtaking,325690,677060,532675,Junction,T.V.N.P.,357571,unset,EH64LX,No crossing facility within 50m or physical crossing facility not controlled by authorised person,Pedestrian phase at traffic signal junction,Elsewhere,55.9808057132,-3.19103720622,"{""type"": ""Feature"",""geometry"": {""type"": ""Point"",""coordinates"": -3.19103720622, 55.9808057132}}"
513912,,Slight,2,1,03/08/2012,Friday,3,August,12,13,50,230,A,720,Dual carriageway - 2 lanes,70,Not at or within 20 metres of junction,unset,\,,Daylight: no street lighting,Fine (without high winds),Dry,None,None,No overtaking,327020,666970,2588155,Segment,T.V.N.P.,357283,unset,EH209NR,No crossing facility within 50m or physical crossing facility not controlled by authorised person,No physical crossing facility within 50m,At scene,55.8903614921,-3.16699658565,"{""type"": ""Feature"",""geometry"": {""type"": ""Point"",""coordinates"": -3.16699658565, 55.8903614921}}"
514012,,Serious,1,1,17/09/2012,Monday,17,September,12,13,20,230,A,7,Single carriageway - 2 lanes,30,Crossroads,Automatic Traffic Signal,A,7,Daylight: street lights present,Fine (without high winds),Dry,None,None,No overtaking,326430,672420,532786,Junction,Pedestrian,357572,unset,EH89QA,No crossing facility within 50m or physical crossing facility not controlled by authorised person,Pedestrian phase at traffic signal junction,At scene,55.9392343903,-3.1779125394,"{""type"": ""Feature"",""geometry"": {""type"": ""Point"",""coordinates"": -3.1779125394, 55.9392343903}}"
514112,,Slight,2,1,17/09/2012,Monday,17,September,12,16,50,230,Unclassified,,Single carriageway - 2 lanes,30,Roundabout,Give way sign or markings,Unclassified,,Daylight: no street lighting,Raining (without high winds),Dry,None,None,No overtaking,327000,672680,533200,Junction,T.V.N.P.,357573,unset,EH87AT,No crossing facility within 50m or physical crossing facility not controlled by authorised person,No physical crossing facility within 50m,Elsewhere,55.9416571112,-3.1688588912,"{""type"": ""Feature"",""geometry"": {""type"": ""Point"",""coordinates"": -3.1688588912, 55.9416571112}}"
514412,,Slight,1,1,17/09/2012,Monday,17,September,12,18,5,230,C,,Single carriageway - 2 lanes,30,Not at or within 20 metres of junction,unset,\,,Daylight: no street lighting,Fine (without high winds),Dry,None,None,No overtaking,327350,675750,2106436,Segment,Pedestrian,357574,unset,EH67ES,No crossing facility within 50m or physical crossing facility not controlled by authorised person,No physical crossing facility within 50m,At scene,55.9692908863,-3.16408353184,"{""type"": ""Feature"",""geometry"": {""type"": ""Point"",""coordinates"": -3.16408353184, 55.9692908863}}"
515512,,Slight,2,1,16/09/2012,Sunday,16,September,12,16,20,230,Unclassified,,Single carriageway - 2 lanes,30,Other junction,Give way sign or markings,Unclassified,,Daylight: street lights present,Fine (without high winds),Dry,None,None,No overtaking,326410,674660,12222024,Junction,Cyclist,357575,unset,EH75HY,No crossing facility within 50m or physical crossing facility not controlled by authorised person,No physical crossing facility within 50m,Elsewhere,55.959355309,-3.17884399608,"{""type"": ""Feature"",""geometry"": {""type"": ""Point"",""coordinates"": -3.17884399608, 55.959355309}}"
516112,,Slight,1,1,14/09/2012,Friday,14,September,12,11,15,230,A,71,Single carriageway - 2 lanes,30,'T' or staggered junction,Give way sign or markings,Unclassified,,Daylight: street lights present,Fine (without high winds),Dry,None,None,No overtaking,323040,672300,522009,Junction,Pedestrian,357576,unset,EH111TT,No crossing facility within 50m or physical crossing facility not controlled by authorised person,"Pelican, puffin, toucan or similar non-junction pedestrian light crossing",At scene,55.9376256157,-3.23214102962,"{""type"": ""Feature"",""geometry"": {""type"": ""Point"",""coordinates"": -3.23214102962, 55.9376256157}}"
516212,,Slight,2,1,18/09/2012,Tuesday,18,September,12,17,35,230,A,902,Single carriageway - 2 lanes,30,'T' or staggered junction,Automatic Traffic Signal,Unclassified,,Daylight: street lighting unknown,Fine (without high winds),Dry,None,None,No overtaking,322210,674900,520050,Junction,T.V.N.P.,357577,unset,EH42SD,No crossing facility within 50m or physical crossing facility not controlled by authorised person,Pedestrian phase at traffic signal junction,At scene,55.9608496497,-3.24617599337,"{""type"": ""Feature"",""geometry"": {""type"": ""Point"",""coordinates"": -3.24617599337, 55.9608496497}}"
516712,,Slight,3,1,18/09/2012,Tuesday,18,September,12,16,30,230,Unclassified,,Single carriageway - 2 lanes,30,'T' or staggered junction,Give way sign or markings,Unclassified,,Daylight: street lights present,Fine (without high winds),Dry,None,None,No overtaking,324860,670610,0,Unset,M.V.N.P.,357578,unset,EH106EB,No crossing facility within 50m or physical crossing facility not controlled by authorised person,Central refuge - no other controls,Elsewhere,55.9227307683,-3.20253950466,"{""type"": ""Feature"",""geometry"": {""type"": ""Point"",""coordinates"": -3.20253950466, 55.9227307683}}"
516812,,Slight,2,1,19/09/2012,Wednesday,19,September,12,12,0,230,Unclassified,,One way Street,30,Crossroads,Give way sign or markings,Unclassified,,Daylight: no street lighting,Fine (without high winds),Dry,None,None,No overtaking,326530,671980,0,Unset,Cyclist,357579,unset,EH91SN,No crossing facility within 50m or physical crossing facility not controlled by authorised person,No physical crossing facility within 50m,At scene,55.9352967476,-3.17619204871,"{""type"": ""Feature"",""geometry"": {""type"": ""Point"",""coordinates"": -3.17619204871, 55.9352967476}}"
517712,,Slight,1,1,19/09/2012,Wednesday,19,September,12,16,45,230,Unclassified,,Single carriageway - 2 lanes,30,Not at or within 20 metres of junction,unset,\,,Daylight: street lights present,Fine (without high winds),Dry,None,None,No overtaking,324500,671790,522972,Junction,Pedestrian,357580,unset,EH104DR,No crossing facility within 50m or physical crossing facility not controlled by authorised person,"Pelican, puffin, toucan or similar non-junction pedestrian light crossing",At scene,55.9332753478,-3.20862944746,"{""type"": ""Feature"",""geometry"": {""type"": ""Point"",""coordinates"": -3.20862944746, 55.9332753478}}"
518512,,Slight,2,1,19/09/2012,Wednesday,19,September,12,17,29,230,A,900,Dual carriageway - 2 lanes,30,Not at or within 20 metres of junction,unset,\,,Daylight: street lights present,Fine (without high winds),Dry,None,None,No overtaking,326190,674610,2599256,Segment,T.V.N.P.,357581,unset,EH74AB,No crossing facility within 50m or physical crossing facility not controlled by authorised person,No physical crossing facility within 50m,Elsewhere,55.9588723625,-3.1823536558,"{""type"": ""Feature"",""geometry"": {""type"": ""Point"",""coordinates"": -3.1823536558, 55.9588723625}}"
518612,,Slight,2,3,20/09/2012,Thursday,20,September,12,7,35,230,A,901,Single carriageway - 2 lanes,30,Crossroads,Automatic Traffic Signal,Unclassified,,Daylight: street lights present,Raining (without high winds),Dry,None,None,No overtaking,326520,676450,531376,Junction,T.V.N.P.,357582,unset,EH66HN,No crossing facility within 50m or physical crossing facility not controlled by authorised person,No physical crossing facility within 50m,At scene,55.9754533226,-3.17757065417,"{""type"": ""Feature"",""geometry"": {""type"": ""Point"",""coordinates"": -3.17757065417, 55.9754533226}}"
519212,,Serious,2,1,19/09/2012,Wednesday,19,September,12,7,20,230,Unclassified,,Single carriageway - 2 lanes,30,Not at or within 20 metres of junction,unset,\,,Daylight: street lights present,Fine (without high winds),Dry,None,None,No overtaking,322840,672420,0,Unset,Cyclist,357583,unset,EH112PU,No crossing facility within 50m or physical crossing facility not controlled by authorised person,No physical crossing facility within 50m,At scene,55.9386716093,-3.23537653687,"{""type"": ""Feature"",""geometry"": {""type"": ""Point"",""coordinates"": -3.23537653687, 55.9386716093}}"
519412,,Slight,2,1,20/09/2012,Thursday,20,September,12,7,15,230,A,1,Dual carriageway - 2 lanes,40,Roundabout,Give way sign or markings,Unclassified,,Daylight: street lights present,Raining (without high winds),Dry,None,None,No overtaking,331210,672890,521496,Junction,T.V.N.P.,357584,unset,EH153QH,No crossing facility within 50m or physical crossing facility not controlled by authorised person,"Pelican, puffin, toucan or similar non-junction pedestrian light crossing",At scene,55.9441646904,-3.10151734781,"{""type"": ""Feature"",""geometry"": {""type"": ""Point"",""coordinates"": -3.10151734781, 55.9441646904}}"
519812,,Slight,2,1,20/09/2012,Thursday,20,September,12,12,0,230,Unclassified,,Single carriageway - 2 lanes,30,Using private drive or entrance,Give way sign or markings,Unclassified,,Daylight: street lights present,Raining (without high winds),Dry,None,None,No overtaking,318760,671080,12216427,Segment,T.V.N.P.,357585,unset,EH114DT,No crossing facility within 50m or physical crossing facility not controlled by authorised person,No physical crossing facility within 50m,At scene,55.9259615554,-3.3002779906,"{""type"": ""Feature"",""geometry"": {""type"": ""Point"",""coordinates"": -3.3002779906, 55.9259615554}}"
520012,,Slight,2,1,20/09/2012,Thursday,20,September,12,14,40,230,Unclassified,,Single carriageway - 2 lanes,30,'T' or staggered junction,Give way sign or markings,Unclassified,,Daylight: street lights present,Raining (without high winds),Dry,None,None,No overtaking,327640,675100,519912,Junction,T.V.N.P.,357586,unset,EH76DA,No crossing facility within 50m or physical crossing facility not controlled by authorised person,No physical crossing facility within 50m,At scene,55.963495101,-3.15926326825,"{""type"": ""Feature"",""geometry"": {""type"": ""Point"",""coordinates"": -3.15926326825, 55.963495101}}"
520612,,Slight,2,2,20/09/2012,Thursday,20,September,12,15,10,230,Unclassified,,Single carriageway - 2 lanes,30,'T' or staggered junction,Automatic Traffic Signal,Unclassified,,Daylight: street lights present,Raining (without high winds),Dry,None,None,No overtaking,322360,671110,523488,Junction,Bus,357587,unset,EH141QB,No crossing facility within 50m or physical crossing facility not controlled by authorised person,"Pelican, puffin, toucan or similar non-junction pedestrian light crossing",Elsewhere,55.9268256453,-3.24268279947,"{""type"": ""Feature"",""geometry"": {""type"": ""Point"",""coordinates"": -3.24268279947, 55.9268256453}}"
520712,,Slight,2,1,19/09/2012,Wednesday,19,September,12,17,10,230,A,772,Single carriageway - 2 lanes,30,'T' or staggered junction,Give way sign or markings,Unclassified,,Daylight: street lights present,Fine (without high winds),Dry,None,None,No overtaking,327960,670040,530104,Junction,Cyclist,357588,unset,EH166AP,No crossing facility within 50m or physical crossing facility not controlled by authorised person,No physical crossing facility within 50m,At scene,55.9180841024,-3.15278667928,"{""type"": ""Feature"",""geometry"": {""type"": ""Point"",""coordinates"": -3.15278667928, 55.9180841024}}"
520912,,Slight,2,1,20/09/2012,Thursday,20,September,12,16,8,230,A,1,Single carriageway - 2 lanes,30,Other junction,Give way sign or markings,Unclassified,,Daylight: street lights present,Raining (without high winds),Dry,None,None,No overtaking,327530,674340,520749,Junction,T.V.N.P.,357589,unset,EH75TR,No crossing facility within 50m or physical crossing facility not controlled by authorised person,Pedestrian phase at traffic signal junction,Elsewhere,55.956650707,-3.16082075256,"{""type"": ""Feature"",""geometry"": {""type"": ""Point"",""coordinates"": -3.16082075256, 55.956650707}}"
521012,,Slight,1,1,20/09/2012,Thursday,20,September,12,19,58,230,Unclassified,,Single carriageway - 2 lanes,30,'T' or staggered junction,Automatic Traffic Signal,Unclassified,,Darkness: street lights present and lit,Raining (without high winds),Dry,None,None,No overtaking,327370,674380,520725,Junction,Pedestrian,357590,unset,EH75TA,No crossing facility within 50m or physical crossing facility not controlled by authorised person,Pedestrian phase at traffic signal junction,At scene,55.9569859039,-3.16339380989,"{""type"": ""Feature"",""geometry"": {""type"": ""Point"",""coordinates"": -3.16339380989, 55.9569859039}}"
521212,,Slight,2,1,20/09/2012,Thursday,20,September,12,20,40,230,A,7,Single carriageway - 2 lanes,30,'T' or staggered junction,Automatic Traffic Signal,Unclassified,,Darkness: street lights present and lit,Raining (without high winds),Dry,None,None,No overtaking,326000,673430,521589,Junction,T.V.N.P.,357591,unset,EH11LL,No crossing facility within 50m or physical crossing facility not controlled by authorised person,Pedestrian phase at traffic signal junction,At scene,55.9482421405,-3.18507259714,"{""type"": ""Feature"",""geometry"": {""type"": ""Point"",""coordinates"": -3.18507259714, 55.9482421405}}"
521312,,Slight,2,1,20/09/2012,Thursday,20,September,12,8,15,230,C,,Single carriageway - 2 lanes,30,Not at or within 20 metres of junction,unset,\,,Darkness: street lights present and lit,Raining (without high winds),Dry,None,None,No overtaking,324900,674080,566753,Segment,Cyclist,357592,unset,EH24NA,No crossing facility within 50m or physical crossing facility not controlled by authorised person,Pedestrian phase at traffic signal junction,Elsewhere,55.9539110012,-3.20286525845,"{""type"": ""Feature"",""geometry"": {""type"": ""Point"",""coordinates"": -3.20286525845, 55.9539110012}}"