acc_ref,beat_no,severity,no_vehicle,no_casualt,a_date,a_day,a_date_day,a_date_mon,a_date_yr,a_time_hr,a_time_min,loc_auth,road1_class,road1_no,road_type,speed_limi,junc_det,junc_ctrl,road2_class,road2_no,light_cond,weather,road_surf,spec_cond,cway_hzrds,ovrtk_patrn,easting,northing,net_id,net_type,acc_type,text_id,division,Postcode,ped_xing_hc,ped_xing_p,place_reported,latitude,longitude,geojson
521612,,Slight,2,1,21/09/2012,Friday,21,September,12,8,30,230,Unclassified,,Single carriageway - 2 lanes,30,Other junction,Give way sign or markings,Unclassified,,Daylight: street lights present,Fog (or mist if hazard),Dry,None,None,No overtaking,324390,669850,532891,Junction,Cyclist,357593,unset,EH106EZ,No crossing facility within 50m or physical crossing facility not controlled by authorised person,Central refuge - no other controls,Elsewhere,55.9158293903,-3.20984679873,"{""type"": ""Feature"",""geometry"": {""type"": ""Point"",""coordinates"": -3.20984679873, 55.9158293903}}"
522012,,Slight,2,3,21/09/2012,Friday,21,September,12,8,40,230,Unclassified,,Single carriageway - 2 lanes,30,Not at or within 20 metres of junction,unset,\,,Daylight: street lights present,Fine (without high winds),Dry,None,None,No overtaking,321780,676870,12226742,Segment,T.V.N.P.,357594,unset,EH45EL,No crossing facility within 50m or physical crossing facility not controlled by authorised person,No physical crossing facility within 50m,\3,55.9784775953,-3.25363482686,"{""type"": ""Feature"",""geometry"": {""type"": ""Point"",""coordinates"": -3.25363482686, 55.9784775953}}"
522312,,Slight,4,2,21/09/2012,Friday,21,September,12,11,13,230,A,90,Dual carriageway - 2 lanes,50,Not at or within 20 metres of junction,unset,\,,Daylight: no street lighting,Fine (without high winds),Dry,None,None,No overtaking,312820,677270,555684,Segment,M.V.N.P.,357595,unset,EH309SS,No crossing facility within 50m or physical crossing facility not controlled by authorised person,No physical crossing facility within 50m,Elsewhere,55.9805273103,-3.3973210728,"{""type"": ""Feature"",""geometry"": {""type"": ""Point"",""coordinates"": -3.3973210728, 55.9805273103}}"
522912,,Slight,2,1,21/09/2012,Friday,21,September,12,15,35,230,Unclassified,,Single carriageway - 2 lanes,30,Crossroads,Give way sign or markings,Unclassified,,Daylight: street lights present,Fine (without high winds),Dry,None,None,No overtaking,325200,676130,519217,Junction,T.V.N.P.,357596,unset,EH53AF,No crossing facility within 50m or physical crossing facility not controlled by authorised person,Zebra crossing,At scene,55.9723746588,-3.19863055071,"{""type"": ""Feature"",""geometry"": {""type"": ""Point"",""coordinates"": -3.19863055071, 55.9723746588}}"
523012,,Slight,2,3,21/09/2012,Friday,21,September,12,16,20,230,A,71,Dual carriageway - 2 lanes,40,Not at or within 20 metres of junction,unset,\,,Daylight: street lights present,Fine (without high winds),Dry,None,None,No overtaking,320260,670910,562840,Segment,T.V.N.P.,357597,unset,EH114AH,No crossing facility within 50m or physical crossing facility not controlled by authorised person,No physical crossing facility within 50m,At scene,55.9246853523,-3.27622646854,"{""type"": ""Feature"",""geometry"": {""type"": ""Point"",""coordinates"": -3.27622646854, 55.9246853523}}"
523412,,Slight,2,1,18/09/2012,Tuesday,18,September,12,14,55,230,C,,Single carriageway - 2 lanes,30,Crossroads,Automatic Traffic Signal,A,772,Daylight: street lighting unknown,Fine (without high winds),Dry,None,None,No overtaking,328050,669940,530179,Junction,T.V.N.P.,357598,unset,EH165UR,No crossing facility within 50m or physical crossing facility not controlled by authorised person,No physical crossing facility within 50m,Elsewhere,55.9171991645,-3.15132019378,"{""type"": ""Feature"",""geometry"": {""type"": ""Point"",""coordinates"": -3.15132019378, 55.9171991645}}"
523612,,Serious,3,1,21/09/2012,Friday,21,September,12,16,54,230,A,6095,Single carriageway - 2 lanes,30,Not at or within 20 metres of junction,unset,\,,Daylight: no street lighting,Fine (without high winds),Dry,None,None,No overtaking,328850,671650,553846,Segment,M.V.N.P.,357599,unset,EH164BE,No crossing facility within 50m or physical crossing facility not controlled by authorised person,No physical crossing facility within 50m,At scene,55.93268091,-3.13897222465,"{""type"": ""Feature"",""geometry"": {""type"": ""Point"",""coordinates"": -3.13897222465, 55.93268091}}"
524612,,Slight,2,1,22/09/2012,Saturday,22,September,12,11,15,230,Unclassified,,One way Street,20,Not at or within 20 metres of junction,unset,\,,Daylight: no street lighting,Fine (without high winds),Dry,None,None,No overtaking,328100,673870,0,Unset,Cyclist,357600,unset,EH87AT,No crossing facility within 50m or physical crossing facility not controlled by authorised person,No physical crossing facility within 50m,Elsewhere,55.9525138702,-3.15156724027,"{""type"": ""Feature"",""geometry"": {""type"": ""Point"",""coordinates"": -3.15156724027, 55.9525138702}}"
524912,,Slight,2,1,20/09/2012,Thursday,20,September,12,18,0,230,Unclassified,,Single carriageway - 2 lanes,30,Not at or within 20 metres of junction,unset,\,,Daylight: street lights present,Raining (without high winds),Dry,None,None,No overtaking,325190,670950,564325,Segment,Cyclist,357601,unset,EH106BR,No crossing facility within 50m or physical crossing facility not controlled by authorised person,No physical crossing facility within 50m,At scene,55.9258367257,-3.19735366695,"{""type"": ""Feature"",""geometry"": {""type"": ""Point"",""coordinates"": -3.19735366695, 55.9258367257}}"
525012,,Fatal,1,1,22/09/2012,Saturday,22,September,12,12,15,230,Unclassified,,Single carriageway - 2 lanes,30,Not at or within 20 metres of junction,unset,\,,Daylight: street lights present,Fine (without high winds),Dry,None,None,No overtaking,328660,673550,0,Unset,S.V.N.P.,357602,unset,EH87LD,No crossing facility within 50m or physical crossing facility not controlled by authorised person,No physical crossing facility within 50m,At scene,55.9497224483,-3.14251549178,"{""type"": ""Feature"",""geometry"": {""type"": ""Point"",""coordinates"": -3.14251549178, 55.9497224483}}"
525212,,Slight,2,1,22/09/2012,Saturday,22,September,12,14,40,230,Unclassified,,Single carriageway - 2 lanes,40,Not at or within 20 metres of junction,unset,\,,Daylight: no street lighting,Fine (without high winds),Dry,None,None,No overtaking,318120,668600,12229654,Segment,T.V.N.P.,357603,unset,EH145AA,No crossing facility within 50m or physical crossing facility not controlled by authorised person,No physical crossing facility within 50m,At scene,55.9035739001,-3.30976703486,"{""type"": ""Feature"",""geometry"": {""type"": ""Point"",""coordinates"": -3.30976703486, 55.9035739001}}"
525312,,Slight,2,1,19/09/2012,Wednesday,19,September,12,8,20,230,Unclassified,,Single carriageway - 2 lanes,30,Crossroads,Authorised Person,Unclassified,,Daylight: street lights present,Other,Dry,None,None,No overtaking,325760,671510,523863,Junction,Cyclist,357604,unset,EH92RA,No crossing facility within 50m or physical crossing facility not controlled by authorised person,No physical crossing facility within 50m,Elsewhere,55.9309560361,-3.18838685763,"{""type"": ""Feature"",""geometry"": {""type"": ""Point"",""coordinates"": -3.18838685763, 55.9309560361}}"
525412,,Slight,1,1,22/09/2012,Saturday,22,September,12,16,13,230,A,6095,Roundabout,30,Roundabout,Give way sign or markings,Unclassified,,Daylight: no street lighting,Fine (without high winds),Dry,None,None,No overtaking,331400,671870,0,Unset,S.V.N.P.,357605,unset,EH218RX,No crossing facility within 50m or physical crossing facility not controlled by authorised person,No physical crossing facility within 50m,At scene,55.9350279776,-3.09821621975,"{""type"": ""Feature"",""geometry"": {""type"": ""Point"",""coordinates"": -3.09821621975, 55.9350279776}}"
527012,,Slight,1,1,23/09/2012,Sunday,23,September,12,14,8,230,Unclassified,,Unknown,30,'T' or staggered junction,Give way sign or markings,Unclassified,,Daylight: street lights present,Fine (without high winds),Dry,None,None,No overtaking,312520,674330,517327,Junction,S.V.N.P.,357606,unset,EH299AX,No crossing facility within 50m or physical crossing facility not controlled by authorised person,No physical crossing facility within 50m,At scene,55.9540624026,-3.40117298935,"{""type"": ""Feature"",""geometry"": {""type"": ""Point"",""coordinates"": -3.40117298935, 55.9540624026}}"
527212,,Slight,2,2,23/09/2012,Sunday,23,September,12,16,15,230,Unclassified,,Single carriageway - 2 lanes,30,Not at or within 20 metres of junction,unset,\,,Daylight: no street lighting,Fine (without high winds),Dry,None,None,No overtaking,321570,676900,12226678,Segment,T.V.N.P.,357607,unset,EH45EJ,No crossing facility within 50m or physical crossing facility not controlled by authorised person,No physical crossing facility within 50m,At scene,55.97871284,-3.25700833651,"{""type"": ""Feature"",""geometry"": {""type"": ""Point"",""coordinates"": -3.25700833651, 55.97871284}}"
527312,,Serious,1,1,23/09/2012,Sunday,23,September,12,19,40,230,Unclassified,,Single carriageway - 2 lanes,30,Not at or within 20 metres of junction,unset,\,,Darkness: street lights present and lit,Fine (without high winds),Dry,None,None,No overtaking,322370,671110,561769,Segment,Pedestrian,357608,unset,EH141QA,No crossing facility within 50m or physical crossing facility not controlled by authorised person,Pedestrian phase at traffic signal junction,At scene,55.9268272594,-3.24252278476,"{""type"": ""Feature"",""geometry"": {""type"": ""Point"",""coordinates"": -3.24252278476, 55.9268272594}}"
527812,,Slight,1,1,24/09/2012,Monday,24,September,12,7,20,230,A,7,Single carriageway - 2 lanes,30,Not at or within 20 metres of junction,unset,\,,Daylight: street lights present,Raining with high winds,Dry,None,None,No overtaking,325880,673870,569270,Segment,Bus,357609,unset,EH11BB,No crossing facility within 50m or physical crossing facility not controlled by authorised person,No physical crossing facility within 50m,At scene,55.95217656,-3.18711482492,"{""type"": ""Feature"",""geometry"": {""type"": ""Point"",""coordinates"": -3.18711482492, 55.95217656}}"
528012,,Slight,2,1,19/09/2012,Wednesday,19,September,12,10,0,230,A,1,Single carriageway - 2 lanes,30,Other junction,Automatic Traffic Signal,A,7,Daylight: street lights present,Raining (without high winds),Dry,None,None,No overtaking,325850,674000,517891,Junction,Cyclist,357610,unset,EH22EJ,No crossing facility within 50m or physical crossing facility not controlled by authorised person,Pedestrian phase at traffic signal junction,Elsewhere,55.9533398367,-3.18763094849,"{""type"": ""Feature"",""geometry"": {""type"": ""Point"",""coordinates"": -3.18763094849, 55.9533398367}}"
528112,,Slight,3,1,23/09/2012,Sunday,23,September,12,18,40,230,A,71,Single carriageway - 2 lanes,40,Roundabout,Automatic Traffic Signal,A,71,Daylight: street lights present,Fine (without high winds),Dry,None,None,No overtaking,318520,670340,2307039,Junction,M.V.N.P.,357611,unset,EH144AW,No crossing facility within 50m or physical crossing facility not controlled by authorised person,No physical crossing facility within 50m,At scene,55.9192731458,-3.30389494161,"{""type"": ""Feature"",""geometry"": {""type"": ""Point"",""coordinates"": -3.30389494161, 55.9192731458}}"
529212,,Slight,1,2,24/09/2012,Monday,24,September,12,12,45,230,C,,Single carriageway - 2 lanes,30,Not at or within 20 metres of junction,unset,\,,Daylight: street lights present,Raining (without high winds),Dry,None,None,No overtaking,325260,674020,566549,Segment,Pedestrian,357612,unset,EH22HT,No crossing facility within 50m or physical crossing facility not controlled by authorised person,No physical crossing facility within 50m,At scene,55.9534281032,-3.19708397719,"{""type"": ""Feature"",""geometry"": {""type"": ""Point"",""coordinates"": -3.19708397719, 55.9534281032}}"
529912,,Slight,2,1,21/09/2012,Friday,21,September,12,8,55,230,Unclassified,,Single carriageway - 2 lanes,30,Multiple junction,Automatic Traffic Signal,A,70,Daylight: street lights present,Fine (without high winds),Dry,None,None,No overtaking,324080,673180,521334,Junction,Cyclist,357613,unset,EH112BQ,No crossing facility within 50m or physical crossing facility not controlled by authorised person,Pedestrian phase at traffic signal junction,Elsewhere,55.9456967193,-3.2157423628,"{""type"": ""Feature"",""geometry"": {""type"": ""Point"",""coordinates"": -3.2157423628, 55.9456967193}}"
531412,,Slight,1,1,24/09/2012,Monday,24,September,12,8,0,230,Unclassified,,Single carriageway - 2 lanes,30,Not at or within 20 metres of junction,unset,\,,Daylight: street lights present,Raining (without high winds),Dry,None,None,No overtaking,327800,671110,568093,Segment,Pedestrian,357614,unset,EH165UF,No crossing facility within 50m or physical crossing facility not controlled by authorised person,No physical crossing facility within 50m,At scene,55.9276730329,-3.15563243941,"{""type"": ""Feature"",""geometry"": {""type"": ""Point"",""coordinates"": -3.15563243941, 55.9276730329}}"
531512,,Slight,2,1,25/09/2012,Tuesday,25,September,12,7,30,230,Unclassified,,Single carriageway - 2 lanes,30,Mini-roundabout,Give way sign or markings,Unclassified,,Daylight: street lights present,Fine with high winds,Dry,None,None,No overtaking,323310,676530,522858,Junction,Cyclist,357615,unset,EH52HQ,No crossing facility within 50m or physical crossing facility not controlled by authorised person,No physical crossing facility within 50m,At scene,55.975669998,-3.22902300273,"{""type"": ""Feature"",""geometry"": {""type"": ""Point"",""coordinates"": -3.22902300273, 55.975669998}}"
531712,,Slight,3,1,24/09/2012,Monday,24,September,12,8,35,230,A,902,Single carriageway - 2 lanes,30,'T' or staggered junction,Automatic Traffic Signal,Unclassified,,Daylight: street lights present,Raining (without high winds),Dry,None,None,No overtaking,322250,674900,520050,Junction,M.V.N.P.,357616,unset,EH42LX,No crossing facility within 50m or physical crossing facility not controlled by authorised person,Pedestrian phase at traffic signal junction,At scene,55.9608561256,-3.24553537391,"{""type"": ""Feature"",""geometry"": {""type"": ""Point"",""coordinates"": -3.24553537391, 55.9608561256}}"
532512,,Slight,1,1,24/09/2012,Monday,24,September,12,21,30,230,C,,Single carriageway - 2 lanes,20,Not at or within 20 metres of junction,unset,\,,Daylight: no street lighting,Raining with high winds,Dry,None,None,No overtaking,325480,672160,559024,Segment,Pedestrian,357617,unset,EH91HF,No crossing facility within 50m or physical crossing facility not controlled by authorised person,No physical crossing facility within 50m,At scene,55.9367522609,-3.19304728684,"{""type"": ""Feature"",""geometry"": {""type"": ""Point"",""coordinates"": -3.19304728684, 55.9367522609}}"
532612,,Slight,1,1,25/09/2012,Tuesday,25,September,12,11,41,230,A,8,Single carriageway - 2 lanes,20,Not at or within 20 metres of junction,unset,\,,Daylight: no street lighting,Raining (without high winds),Dry,None,None,No overtaking,320090,672920,521724,Junction,Pedestrian,357618,unset,EH128AT,No crossing facility within 50m or physical crossing facility not controlled by authorised person,No physical crossing facility within 50m,At scene,55.9427141834,-3.27954159607,"{""type"": ""Feature"",""geometry"": {""type"": ""Point"",""coordinates"": -3.27954159607, 55.9427141834}}"
532912,,Slight,2,1,25/09/2012,Tuesday,25,September,12,21,45,230,A,8,Roundabout,30,Roundabout,Give way sign or markings,Unclassified,,Daylight: no street lighting,Raining (without high winds),Dry,None,None,No overtaking,319320,672940,522894,Junction,Cyclist,357619,unset,EH128SQ,Control by other authorised person,Pedestrian phase at traffic signal junction,Elsewhere,55.9427652333,-3.29187352821,"{""type"": ""Feature"",""geometry"": {""type"": ""Point"",""coordinates"": -3.29187352821, 55.9427652333}}"
533612,,Slight,2,1,26/09/2012,Wednesday,26,September,12,8,48,230,C,,Single carriageway - 2 lanes,30,Crossroads,Give way sign or markings,Unclassified,,Daylight: no street lighting,Raining (without high winds),Dry,None,None,No overtaking,330310,673650,523569,Junction,T.V.N.P.,357620,unset,EH151LX,Control by other authorised person,Pedestrian phase at traffic signal junction,At scene,55.9508629739,-3.11612216923,"{""type"": ""Feature"",""geometry"": {""type"": ""Point"",""coordinates"": -3.11612216923, 55.9508629739}}"
533912,,Slight,2,1,26/08/2012,Sunday,26,August,12,15,0,230,Unclassified,,Single carriageway - 2 lanes,30,'T' or staggered junction,Give way sign or markings,Unclassified,,Daylight: no street lighting,Fine (without high winds),Dry,None,None,No overtaking,312940,678120,4421924,Junction,T.V.N.P.,357284,unset,EH309HY,Control by other authorised person,Pedestrian phase at traffic signal junction,Elsewhere,55.9881847274,-3.39567339438,"{""type"": ""Feature"",""geometry"": {""type"": ""Point"",""coordinates"": -3.39567339438, 55.9881847274}}"
534612,,Slight,1,1,25/09/2012,Tuesday,25,September,12,16,30,230,Unclassified,,Single carriageway - 2 lanes,30,'T' or staggered junction,Automatic Traffic Signal,Unclassified,,Daylight: no street lighting,Fine (without high winds),Dry,None,None,No overtaking,325140,673060,521460,Junction,Pedestrian,357621,unset,EH39HY,No crossing facility within 50m or physical crossing facility not controlled by authorised person,Pedestrian phase at traffic signal junction,At scene,55.944784923,-3.19873899067,"{""type"": ""Feature"",""geometry"": {""type"": ""Point"",""coordinates"": -3.19873899067, 55.944784923}}"
534812,,Slight,2,2,26/09/2012,Wednesday,26,September,12,19,30,230,Unclassified,,Single carriageway - 2 lanes,30,'T' or staggered junction,Give way sign or markings,C,,Darkness: street lights present and lit,Fine (without high winds),Dry,None,None,No overtaking,321920,672480,521916,Junction,T.V.N.P.,357622,unset,EH125XQ,No crossing facility within 50m or physical crossing facility not controlled by authorised person,"Pelican, puffin, toucan or similar non-junction pedestrian light crossing",At scene,55.9390620958,-3.25011971505,"{""type"": ""Feature"",""geometry"": {""type"": ""Point"",""coordinates"": -3.25011971505, 55.9390620958}}"
535512,,Serious,1,1,23/09/2012,Sunday,23,September,12,20,49,230,Unclassified,,Single carriageway - 2 lanes,30,'T' or staggered junction,Automatic Traffic Signal,Unclassified,,Darkness: street lights present and lit,Raining (without high winds),Dry,None,None,No overtaking,324320,673030,10331569,Junction,S.V.N.P.,357623,unset,EH38AY,Control by other authorised person,Pedestrian phase at traffic signal junction,At scene,55.9443869967,-3.21185801167,"{""type"": ""Feature"",""geometry"": {""type"": ""Point"",""coordinates"": -3.21185801167, 55.9443869967}}"
536312,,Slight,1,1,25/09/2012,Tuesday,25,September,12,10,30,230,B,900,Single carriageway - 2 lanes,30,Not at or within 20 metres of junction,unset,\,,Daylight: street lights present,Raining (without high winds),Dry,None,None,No overtaking,323640,674650,554180,Segment,Bus,357624,unset,EH41AG,No crossing facility within 50m or physical crossing facility not controlled by authorised person,"Pelican, puffin, toucan or similar non-junction pedestrian light crossing",Elsewhere,55.958833157,-3.22320284226,"{""type"": ""Feature"",""geometry"": {""type"": ""Point"",""coordinates"": -3.22320284226, 55.958833157}}"
536412,,Slight,1,1,27/09/2012,Thursday,27,September,12,17,0,230,Unclassified,,Single carriageway - 2 lanes,30,Not at or within 20 metres of junction,unset,\,,Daylight: street lights present,Fine (without high winds),Dry,None,None,No overtaking,312520,674570,555237,Segment,Pedestrian,357625,unset,EH299AB,No crossing facility within 50m or physical crossing facility not controlled by authorised person,Pedestrian phase at traffic signal junction,Elsewhere,55.9562183524,-3.40125087775,"{""type"": ""Feature"",""geometry"": {""type"": ""Point"",""coordinates"": -3.40125087775, 55.9562183524}}"
537912,,Serious,1,1,28/09/2012,Friday,28,September,12,12,58,230,Unclassified,,Single carriageway - 2 lanes,30,Crossroads,Give way sign or markings,Unclassified,,Daylight: no street lighting,Raining (without high winds),Dry,None,None,No overtaking,322160,675170,12233439,Junction,Pedestrian,357626,unset,EH42RZ,Control by school crossing patrol,Zebra crossing,At scene,55.9632671419,-3.24705477103,"{""type"": ""Feature"",""geometry"": {""type"": ""Point"",""coordinates"": -3.24705477103, 55.9632671419}}"
538112,,Serious,1,1,28/09/2012,Friday,28,September,12,12,30,230,A,772,Single carriageway - 2 lanes,30,Not at or within 20 metres of junction,unset,\,,Daylight: no street lighting,Fine (without high winds),Dry,None,None,No overtaking,328930,669060,569375,Segment,Pedestrian,357627,unset,EH177JE,No crossing facility within 50m or physical crossing facility not controlled by authorised person,Central refuge - no other controls,At scene,55.9094239436,-3.1370104516,"{""type"": ""Feature"",""geometry"": {""type"": ""Point"",""coordinates"": -3.1370104516, 55.9094239436}}"
538212,,Serious,2,1,28/09/2012,Friday,28,September,12,15,40,230,C,,Roundabout,30,Roundabout,Give way sign or markings,Unclassified,,Daylight: street lights present,Fine (without high winds),Dry,None,None,No overtaking,326760,673930,521184,Junction,Cyclist,357628,unset,EH88DU,No crossing facility within 50m or physical crossing facility not controlled by authorised person,No physical crossing facility within 50m,At scene,55.9528505309,-3.17304028151,"{""type"": ""Feature"",""geometry"": {""type"": ""Point"",""coordinates"": -3.17304028151, 55.9528505309}}"
538812,,Slight,2,1,28/09/2012,Friday,28,September,12,17,45,230,Unclassified,,Single carriageway - 2 lanes,30,Not at or within 20 metres of junction,unset,\,,Daylight: no street lighting,Fine (without high winds),Dry,None,None,No overtaking,327820,674980,557482,Segment,T.V.N.P.,357629,unset,EH76DX,No crossing facility within 50m or physical crossing facility not controlled by authorised person,No physical crossing facility within 50m,At scene,55.9624441082,-3.15634804069,"{""type"": ""Feature"",""geometry"": {""type"": ""Point"",""coordinates"": -3.15634804069, 55.9624441082}}"
539312,,Slight,3,1,28/09/2012,Friday,28,September,12,19,20,230,A,70,Single carriageway - 2 lanes,30,'T' or staggered junction,Automatic Traffic Signal,Unclassified,,Darkness: street lights present and lit,Raining with high winds,Dry,None,None,No overtaking,323140,671990,522267,Junction,M.V.N.P.,357630,unset,EH111PR,No crossing facility within 50m or physical crossing facility not controlled by authorised person,"Pelican, puffin, toucan or similar non-junction pedestrian light crossing",At scene,55.9348566448,-3.23045214233,"{""type"": ""Feature"",""geometry"": {""type"": ""Point"",""coordinates"": -3.23045214233, 55.9348566448}}"
539712,,Slight,2,1,28/09/2012,Friday,28,September,12,17,30,230,A,70,Single carriageway - 2 lanes,30,Roundabout,Give way sign or markings,Unclassified,,Daylight: street lights present,Fine (without high winds),Dry,None,None,No overtaking,321970,670640,522768,Junction,T.V.N.P.,357631,unset,EH142EP,No crossing facility within 50m or physical crossing facility not controlled by authorised person,No physical crossing facility within 50m,Elsewhere,55.9225401835,-3.24878756672,"{""type"": ""Feature"",""geometry"": {""type"": ""Point"",""coordinates"": -3.24878756672, 55.9225401835}}"
539912,,Fatal,1,2,29/09/2012,Saturday,29,September,12,16,50,230,Unclassified,,One way Street,30,Other junction,Give way sign or markings,Unclassified,,Daylight: street lights present,Fine (without high winds),Dry,None,None,No overtaking,326020,673170,12223882,Junction,Pedestrian,357632,unset,EH89BH,No crossing facility within 50m or physical crossing facility not controlled by authorised person,No physical crossing facility within 50m,At scene,55.945909405,-3.1846810618,"{""type"": ""Feature"",""geometry"": {""type"": ""Point"",""coordinates"": -3.1846810618, 55.945909405}}"
540312,,Slight,2,1,29/09/2012,Saturday,29,September,12,16,15,230,Unclassified,,Single carriageway - 2 lanes,30,Roundabout,Give way sign or markings,Unclassified,,Daylight: street lights present,Fine with high winds,Dry,None,None,No overtaking,326510,676890,0,Unset,Cyclist,357633,unset,EH66NE,No crossing facility within 50m or physical crossing facility not controlled by authorised person,"Pelican, puffin, toucan or similar non-junction pedestrian light crossing",At scene,55.9794046995,-3.17785100437,"{""type"": ""Feature"",""geometry"": {""type"": ""Point"",""coordinates"": -3.17785100437, 55.9794046995}}"
540412,,Slight,1,1,29/09/2012,Saturday,29,September,12,18,0,230,A,7,Single carriageway - 2 lanes,30,'T' or staggered junction,Give way sign or markings,Unclassified,,Daylight: street lights present,Fine (without high winds),Dry,None,Pedestrian in carriagway - not injured,No overtaking,326070,673220,521583,Junction,Bus,357634,unset,EH89DH,No crossing facility within 50m or physical crossing facility not controlled by authorised person,Pedestrian phase at traffic signal junction,At scene,55.9463662938,-3.1838942833,"{""type"": ""Feature"",""geometry"": {""type"": ""Point"",""coordinates"": -3.1838942833, 55.9463662938}}"
540712,,Serious,1,1,29/09/2012,Saturday,29,September,12,14,20,230,C,,Single carriageway - 2 lanes,30,'T' or staggered junction,Give way sign or markings,Unclassified,,Daylight: street lights present,Fine (without high winds),Dry,None,None,No overtaking,326290,673740,521163,Junction,Pedestrian,357636,unset,EH88BJ,No crossing facility within 50m or physical crossing facility not controlled by authorised person,No physical crossing facility within 50m,At scene,55.9510717196,-3.18051424642,"{""type"": ""Feature"",""geometry"": {""type"": ""Point"",""coordinates"": -3.18051424642, 55.9510717196}}"
541712,,Slight,2,1,30/09/2012,Sunday,30,September,12,8,20,230,A,901,Single carriageway - 2 lanes,30,Crossroads,Automatic Traffic Signal,Unclassified,,Daylight: no street lighting,Raining (without high winds),Dry,None,None,No overtaking,326420,676770,531316,Junction,T.V.N.P.,357637,unset,EH66NW,No crossing facility within 50m or physical crossing facility not controlled by authorised person,Pedestrian phase at traffic signal junction,Elsewhere,55.9783128477,-3.17926031755,"{""type"": ""Feature"",""geometry"": {""type"": ""Point"",""coordinates"": -3.17926031755, 55.9783128477}}"
541812,,Serious,1,1,28/09/2012,Friday,28,September,12,15,40,230,A,900,Single carriageway - 2 lanes,30,'T' or staggered junction,Give way sign or markings,A,900,Daylight: street lights present,Fine (without high winds),Dry,None,None,No overtaking,326480,675010,523233,Junction,Bus,357638,unset,EH75HN,No crossing facility within 50m or physical crossing facility not controlled by authorised person,No physical crossing facility within 50m,Elsewhere,55.9625103938,-3.17781842506,"{""type"": ""Feature"",""geometry"": {""type"": ""Point"",""coordinates"": -3.17781842506, 55.9625103938}}"
541912,,Slight,3,1,29/09/2012,Saturday,29,September,12,13,4,230,C,,Single carriageway - 2 lanes,30,'T' or staggered junction,Give way sign or markings,Unknown,,Daylight: street lights present,Fine (without high winds),Dry,None,None,No overtaking,323970,672210,533398,Junction,Pedestrian,357639,unset,EH111LA,No crossing facility within 50m or physical crossing facility not controlled by authorised person,No physical crossing facility within 50m,\3,55.9369650417,-3.21723003646,"{""type"": ""Feature"",""geometry"": {""type"": ""Point"",""coordinates"": -3.21723003646, 55.9369650417}}"
542012,,Slight,2,1,29/09/2012,Saturday,29,September,12,17,20,230,Unclassified,,Dual carriageway - 2 lanes,30,Crossroads,Automatic Traffic Signal,Unclassified,,Daylight: street lights present,Fine (without high winds),Dry,None,None,No overtaking,324630,673400,10254956,Junction,Bus,357640,unset,EH12DA,No crossing facility within 50m or physical crossing facility not controlled by authorised person,Central refuge - no other controls,Elsewhere,55.9477597241,-3.20699864445,"{""type"": ""Feature"",""geometry"": {""type"": ""Point"",""coordinates"": -3.20699864445, 55.9477597241}}"
542712,,Slight,2,1,27/09/2012,Thursday,27,September,12,9,55,230,A,701,Single carriageway - 2 lanes,30,Crossroads,Give way sign or markings,Unclassified,,Daylight: no street lighting,Fine (without high winds),Dry,None,None,No overtaking,326790,671710,529474,Junction,Cyclist,357641,unset,EH92BU,No crossing facility within 50m or physical crossing facility not controlled by authorised person,Central refuge - no other controls,At scene,55.9329107357,-3.17195741677,"{""type"": ""Feature"",""geometry"": {""type"": ""Point"",""coordinates"": -3.17195741677, 55.9329107357}}"
544112,,Slight,1,1,01/10/2012,Monday,1,October,12,16,35,230,Unclassified,,Single carriageway - 2 lanes,30,Crossroads,Automatic Traffic Signal,Unclassified,,Daylight: street lights present,Other,Dry,None,None,No overtaking,312580,674550,517318,Junction,Pedestrian,366001,unset,EH299AD,No crossing facility within 50m or physical crossing facility not controlled by authorised person,Pedestrian phase at traffic signal junction,At scene,55.9560496108,-3.40028363662,"{""type"": ""Feature"",""geometry"": {""type"": ""Point"",""coordinates"": -3.40028363662, 55.9560496108}}"