acc_ref,beat_no,severity,no_vehicle,no_casualt,a_date,a_day,a_date_day,a_date_mon,a_date_yr,a_time_hr,a_time_min,loc_auth,road1_class,road1_no,road_type,speed_limi,junc_det,junc_ctrl,road2_class,road2_no,light_cond,weather,road_surf,spec_cond,cway_hzrds,ovrtk_patrn,easting,northing,net_id,net_type,acc_type,text_id,division,Postcode,ped_xing_hc,ped_xing_p,place_reported,latitude,longitude,geojson
544412,,Slight,2,1,01/10/2012,Monday,1,October,12,17,29,230,Unclassified,,Single carriageway - 2 lanes,30,'T' or staggered junction,Automatic Traffic Signal,Unclassified,,Daylight: no street lighting,Fine (without high winds),Dry,None,None,No overtaking,322540,676000,0,Unset,T.V.N.P.,366002,unset,EH44BR,No crossing facility within 50m or physical crossing facility not controlled by authorised person,No physical crossing facility within 50m,At scene,55.9707850335,-3.24120719256,"{""type"": ""Feature"",""geometry"": {""type"": ""Point"",""coordinates"": -3.24120719256, 55.9707850335}}"
544512,,Slight,1,1,01/10/2012,Monday,1,October,12,22,36,230,Unclassified,,Single carriageway - 2 lanes,30,Not at or within 20 metres of junction,unset,\,,Daylight: no street lighting,Raining (without high winds),Dry,None,None,No overtaking,326250,675030,12239586,Segment,Pedestrian,366003,unset,EH74LY,No crossing facility within 50m or physical crossing facility not controlled by authorised person,No physical crossing facility within 50m,At scene,55.9626548126,-3.18150770753,"{""type"": ""Feature"",""geometry"": {""type"": ""Point"",""coordinates"": -3.18150770753, 55.9626548126}}"
544612,,Slight,1,1,01/10/2012,Monday,1,October,12,16,15,230,Unclassified,,Single carriageway - 2 lanes,30,Not at or within 20 metres of junction,unset,\,,Daylight: no street lighting,Fine (without high winds),Dry,None,None,No overtaking,323430,668960,564908,Segment,Bus,366004,unset,EH139JA,Control by other authorised person,Pedestrian phase at traffic signal junction,Elsewhere,55.9076819805,-3.22495185355,"{""type"": ""Feature"",""geometry"": {""type"": ""Point"",""coordinates"": -3.22495185355, 55.9076819805}}"
544712,,Slight,1,1,28/09/2012,Friday,28,September,12,10,19,230,A,8,Single carriageway - 2 lanes,20,'T' or staggered junction,Give way sign or markings,Unclassified,,Daylight: no street lighting,Fine (without high winds),Dry,None,None,No overtaking,322040,673140,521244,Junction,Pedestrian,357642,unset,EH126HS,Control by other authorised person,Pedestrian phase at traffic signal junction,At scene,55.945010811,-3.2483896654,"{""type"": ""Feature"",""geometry"": {""type"": ""Point"",""coordinates"": -3.2483896654, 55.945010811}}"
544912,,Serious,2,1,01/10/2012,Monday,1,October,12,8,19,230,B,701,Single carriageway - 2 lanes,20,'T' or staggered junction,Automatic Traffic Signal,Unclassified,,Daylight: no street lighting,Fine (without high winds),Dry,None,None,No overtaking,321630,669000,532924,Junction,Cyclist,366005,unset,EH130LE,Control by other authorised person,Pedestrian phase at traffic signal junction,At scene,55.9077516153,-3.25375183375,"{""type"": ""Feature"",""geometry"": {""type"": ""Point"",""coordinates"": -3.25375183375, 55.9077516153}}"
545912,,Slight,2,1,02/10/2012,Tuesday,2,October,12,8,26,230,Unclassified,,Single carriageway - 2 lanes,30,Not at or within 20 metres of junction,unset,\,,Daylight: no street lighting,Fine (without high winds),Dry,None,None,No overtaking,319870,671260,551797,Segment,T.V.N.P.,366006,unset,EH113UP,Control by other authorised person,Pedestrian phase at traffic signal junction,At scene,55.9277648033,-3.28257045901,"{""type"": ""Feature"",""geometry"": {""type"": ""Point"",""coordinates"": -3.28257045901, 55.9277648033}}"
546612,,Slight,2,2,02/10/2012,Tuesday,2,October,12,12,0,230,C,,Single carriageway - 2 lanes,30,'T' or staggered junction,Give way sign or markings,Unclassified,,Daylight: street lights present,Raining (without high winds),Dry,None,None,No overtaking,325970,673660,521166,Junction,T.V.N.P.,366007,unset,EH11SB,No crossing facility within 50m or physical crossing facility not controlled by authorised person,"Pelican, puffin, toucan or similar non-junction pedestrian light crossing",At scene,55.9503038165,-3.18561606069,"{""type"": ""Feature"",""geometry"": {""type"": ""Point"",""coordinates"": -3.18561606069, 55.9503038165}}"
548412,,Slight,1,1,30/09/2012,Sunday,30,September,12,10,40,230,A,70,Single carriageway - 2 lanes,30,'T' or staggered junction,Give way sign or markings,Unclassified,,Daylight: street lights present,Raining with high winds,Dry,None,None,No overtaking,323730,672750,521793,Junction,Bus,357643,unset,EH112EF,No crossing facility within 50m or physical crossing facility not controlled by authorised person,No physical crossing facility within 50m,Elsewhere,55.9417782782,-3.22122406579,"{""type"": ""Feature"",""geometry"": {""type"": ""Point"",""coordinates"": -3.22122406579, 55.9417782782}}"
548812,,Slight,2,1,03/10/2012,Wednesday,3,October,12,11,0,230,Unclassified,,Single carriageway - 2 lanes,30,Crossroads,Give way sign or markings,Unclassified,,Daylight: no street lighting,Fine (without high winds),Dry,None,None,No overtaking,324520,670700,529816,Junction,T.V.N.P.,366008,unset,EH106AF,No crossing facility within 50m or physical crossing facility not controlled by authorised person,No physical crossing facility within 50m,At scene,55.9234860875,-3.20800465395,"{""type"": ""Feature"",""geometry"": {""type"": ""Point"",""coordinates"": -3.20800465395, 55.9234860875}}"
549012,,Slight,2,1,03/10/2012,Wednesday,3,October,12,12,35,230,Unclassified,,Single carriageway - 2 lanes,30,'T' or staggered junction,Give way sign or markings,Unclassified,,Daylight: street lights present,Fine (without high winds),Dry,None,None,No overtaking,320820,675440,519762,Junction,Pedestrian,366009,unset,EH45AT,No crossing facility within 50m or physical crossing facility not controlled by authorised person,No physical crossing facility within 50m,Elsewhere,55.9654736864,-3.26859605814,"{""type"": ""Feature"",""geometry"": {""type"": ""Point"",""coordinates"": -3.26859605814, 55.9654736864}}"
549812,,Slight,2,1,03/10/2012,Wednesday,3,October,12,17,26,230,Motorway,8,Dual carriageway - 2 lanes,70,Not at or within 20 metres of junction,unset,\,,Daylight: no street lighting,Fine (without high winds),Dry,None,None,No overtaking,315430,671510,6452114,Segment,T.V.N.P.,366010,unset,EH288NW,No crossing facility within 50m or physical crossing facility not controlled by authorised person,No physical crossing facility within 50m,At scene,55.9292504352,-3.35369422018,"{""type"": ""Feature"",""geometry"": {""type"": ""Point"",""coordinates"": -3.35369422018, 55.9292504352}}"
550012,,Slight,2,1,03/10/2012,Wednesday,3,October,12,16,35,230,C,,Single carriageway - 2 lanes,30,Crossroads,Automatic Traffic Signal,Unclassified,,Daylight: street lights present,Fine (without high winds),Dry,None,None,No overtaking,326650,671360,531451,Junction,Cyclist,366011,unset,EH93AE,Control by other authorised person,Pedestrian phase at traffic signal junction,Elsewhere,55.9297450148,-3.17410293196,"{""type"": ""Feature"",""geometry"": {""type"": ""Point"",""coordinates"": -3.17410293196, 55.9297450148}}"
550312,,Serious,1,1,03/10/2012,Wednesday,3,October,12,22,15,230,A,701,Single carriageway - 2 lanes,30,Crossroads,Give way sign or markings,Unclassified,,Daylight: no street lighting,Fine (without high winds),Dry,None,None,No overtaking,326930,671470,531457,Junction,Pedestrian,366012,unset,EH165PG,No crossing facility within 50m or physical crossing facility not controlled by authorised person,Pedestrian phase at traffic signal junction,At scene,55.9307758763,-3.16965183632,"{""type"": ""Feature"",""geometry"": {""type"": ""Point"",""coordinates"": -3.16965183632, 55.9307758763}}"
550412,,Slight,1,1,03/10/2012,Wednesday,3,October,12,22,0,230,Unclassified,,Single carriageway - 2 lanes,30,'T' or staggered junction,Give way sign or markings,Unclassified,,Daylight: no street lighting,Fine (without high winds),Dry,None,None,No overtaking,319210,670740,0,Unset,Pedestrian,366013,unset,EH114HD,Control by other authorised person,Pedestrian phase at traffic signal junction,Elsewhere,55.9229829371,-3.29297592575,"{""type"": ""Feature"",""geometry"": {""type"": ""Point"",""coordinates"": -3.29297592575, 55.9229829371}}"
551412,,Slight,2,2,04/10/2012,Thursday,4,October,12,9,27,230,A,720,Dual carriageway - 2 lanes,60,Not at or within 20 metres of junction,unset,\,,Daylight: no street lighting,Fine (without high winds),Dry,None,None,No overtaking,325620,667250,2588155,Segment,T.V.N.P.,366014,unset,EH107DR,No crossing facility within 50m or physical crossing facility not controlled by authorised person,No physical crossing facility within 50m,At scene,55.8926628312,-3.18945505695,"{""type"": ""Feature"",""geometry"": {""type"": ""Point"",""coordinates"": -3.18945505695, 55.8926628312}}"
553212,,Slight,2,1,20/09/2012,Thursday,20,September,12,17,30,230,Unclassified,,Single carriageway - 2 lanes,30,'T' or staggered junction,Give way sign or markings,Unclassified,,Daylight: street lights present,Raining (without high winds),Dry,None,None,No overtaking,326940,672190,522069,Junction,T.V.N.P.,357644,unset,EH165AE,No crossing facility within 50m or physical crossing facility not controlled by authorised person,No physical crossing facility within 50m,At scene,55.9372458545,-3.16968669215,"{""type"": ""Feature"",""geometry"": {""type"": ""Point"",""coordinates"": -3.16968669215, 55.9372458545}}"
553312,,Slight,2,1,04/10/2012,Thursday,4,October,12,8,25,230,A,71,Single carriageway - 2 lanes,30,Crossroads,Automatic Traffic Signal,Unclassified,,Daylight: street lights present,Fine (without high winds),Dry,None,None,No overtaking,322690,672200,521970,Junction,T.V.N.P.,366015,unset,EH112QU,No crossing facility within 50m or physical crossing facility not controlled by authorised person,Pedestrian phase at traffic signal junction,At scene,55.9366710887,-3.2377144662,"{""type"": ""Feature"",""geometry"": {""type"": ""Point"",""coordinates"": -3.2377144662, 55.9366710887}}"
554012,,Slight,2,2,05/10/2012,Friday,5,October,12,13,10,230,A,702,Single carriageway - 2 lanes,30,Crossroads,Automatic Traffic Signal,C,,Daylight: street lights present,Fine (without high winds),Dry,None,None,No overtaking,324810,673190,521406,Junction,T.V.N.P.,366016,unset,EH39AN,No crossing facility within 50m or physical crossing facility not controlled by authorised person,Pedestrian phase at traffic signal junction,At scene,55.9459013127,-3.20405823736,"{""type"": ""Feature"",""geometry"": {""type"": ""Point"",""coordinates"": -3.20405823736, 55.9459013127}}"
554212,,Serious,1,1,05/10/2012,Friday,5,October,12,6,40,230,Unclassified,,Single carriageway - 2 lanes,30,Not at or within 20 metres of junction,unset,\,,Darkness: street lighting unknown,Fine (without high winds),Dry,None,None,No overtaking,323930,673710,0,Unset,S.V.N.P.,366017,unset,EH37SG,No crossing facility within 50m or physical crossing facility not controlled by authorised person,No physical crossing facility within 50m,At scene,55.9504344115,-3.21829327712,"{""type"": ""Feature"",""geometry"": {""type"": ""Point"",""coordinates"": -3.21829327712, 55.9504344115}}"
554512,,Slight,2,1,04/10/2012,Thursday,4,October,12,8,40,230,A,90,Single carriageway - 2 lanes,40,'T' or staggered junction,Give way sign or markings,Unclassified,,Daylight: street lights present,Fine (without high winds),Dry,None,None,No overtaking,319390,674960,519978,Junction,T.V.N.P.,366018,unset,EH46ER,No crossing facility within 50m or physical crossing facility not controlled by authorised person,No physical crossing facility within 50m,Elsewhere,55.9609237183,-3.29135694416,"{""type"": ""Feature"",""geometry"": {""type"": ""Point"",""coordinates"": -3.29135694416, 55.9609237183}}"
555212,,Slight,2,1,06/10/2012,Saturday,6,October,12,7,20,230,A,90,Single carriageway - 2 lanes,40,Not at or within 20 metres of junction,unset,\,,Daylight: street lights present,Fine (without high winds),Dry,None,None,No overtaking,318470,674980,555447,Segment,T.V.N.P.,366019,unset,EH46AT,No crossing facility within 50m or physical crossing facility not controlled by authorised person,No physical crossing facility within 50m,At scene,55.9609481219,-3.30609693851,"{""type"": ""Feature"",""geometry"": {""type"": ""Point"",""coordinates"": -3.30609693851, 55.9609481219}}"
557012,,Slight,2,1,07/10/2012,Sunday,7,October,12,11,24,230,A,901,Roundabout,30,Roundabout,Give way sign or markings,Unclassified,,Daylight: street lights present,Fine (without high winds),Dry,None,None,No overtaking,323710,677130,518896,Junction,Cyclist,366020,unset,EH51HE,No crossing facility within 50m or physical crossing facility not controlled by authorised person,No physical crossing facility within 50m,At scene,55.9811239659,-3.22278437255,"{""type"": ""Feature"",""geometry"": {""type"": ""Point"",""coordinates"": -3.22278437255, 55.9811239659}}"
559412,,Slight,2,1,08/10/2012,Monday,8,October,12,17,10,230,Unclassified,,Single carriageway - 2 lanes,30,'T' or staggered junction,Give way sign or markings,Unclassified,,Daylight: street lights present,Fine (without high winds),Dry,None,None,No overtaking,326890,672650,4224887,Junction,Cyclist,366021,unset,EH165XN,No crossing facility within 50m or physical crossing facility not controlled by authorised person,No physical crossing facility within 50m,Elsewhere,55.9413708754,-3.17061164242,"{""type"": ""Feature"",""geometry"": {""type"": ""Point"",""coordinates"": -3.17061164242, 55.9413708754}}"
559912,,Slight,1,1,08/10/2012,Monday,8,October,12,21,47,230,B,701,Single carriageway - 2 lanes,30,Not at or within 20 metres of junction,unset,\,,Daylight: no street lighting,Fine (without high winds),Dry,None,None,No overtaking,328700,668450,2105930,Segment,Pedestrian,366022,unset,EH178NX,Control by other authorised person,"Pelican, puffin, toucan or similar non-junction pedestrian light crossing",At scene,55.9039096227,-3.14052841856,"{""type"": ""Feature"",""geometry"": {""type"": ""Point"",""coordinates"": -3.14052841856, 55.9039096227}}"
560112,,Slight,3,1,08/10/2012,Monday,8,October,12,22,41,230,C,,Single carriageway - 2 lanes,30,Slip road,Automatic Traffic Signal,A,701,Daylight: no street lighting,Fine (without high winds),Dry,None,None,No overtaking,327150,670230,530089,Junction,M.V.N.P.,366023,unset,EH166AQ,Control by other authorised person,Pedestrian phase at traffic signal junction,At scene,55.9196690997,-3.16579656122,"{""type"": ""Feature"",""geometry"": {""type"": ""Point"",""coordinates"": -3.16579656122, 55.9196690997}}"
560312,,Slight,1,1,11/09/2012,Tuesday,11,September,12,19,3,230,Unclassified,,Single carriageway - 2 lanes,20,'T' or staggered junction,Automatic Traffic Signal,Unclassified,,Daylight: no street lighting,Fine (without high winds),Dry,None,None,No overtaking,319940,671840,0,Unset,S.V.N.P.,357645,unset,EH129AL,Control by other authorised person,Pedestrian phase at traffic signal junction,At scene,55.9329869486,-3.2816223424,"{""type"": ""Feature"",""geometry"": {""type"": ""Point"",""coordinates"": -3.2816223424, 55.9329869486}}"
561912,,Slight,2,2,09/10/2012,Tuesday,9,October,12,14,7,230,Unclassified,,Single carriageway - 2 lanes,30,Not at or within 20 metres of junction,unset,\,,Daylight: no street lighting,Fine (without high winds),Dry,None,None,No overtaking,319640,671870,522126,Junction,T.V.N.P.,366024,unset,EH129AD,No crossing facility within 50m or physical crossing facility not controlled by authorised person,No physical crossing facility within 50m,At scene,55.933206415,-3.28643239686,"{""type"": ""Feature"",""geometry"": {""type"": ""Point"",""coordinates"": -3.28643239686, 55.933206415}}"
562012,,Slight,1,1,28/09/2012,Friday,28,September,12,9,40,230,Unclassified,,Single carriageway - 2 lanes,30,Other junction,Give way sign or markings,Unclassified,,Daylight: street lights present,Fine (without high winds),Dry,None,None,No overtaking,326750,675490,519888,Junction,Bus,357646,unset,EH65EQ,Control by other authorised person,No physical crossing facility within 50m,At scene,55.9668639227,-3.17362446333,"{""type"": ""Feature"",""geometry"": {""type"": ""Point"",""coordinates"": -3.17362446333, 55.9668639227}}"
562312,,Slight,1,1,09/10/2012,Tuesday,9,October,12,13,5,230,Unclassified,,Single carriageway - 2 lanes,30,Not at or within 20 metres of junction,unset,\,,Daylight: no street lighting,Fine (without high winds),Dry,None,None,No overtaking,322530,670250,554747,Segment,Pedestrian,366025,unset,EH141DL,No crossing facility within 50m or physical crossing facility not controlled by authorised person,No physical crossing facility within 50m,At scene,55.9191270278,-3.2397158828,"{""type"": ""Feature"",""geometry"": {""type"": ""Point"",""coordinates"": -3.2397158828, 55.9191270278}}"
562812,,Slight,2,1,09/10/2012,Tuesday,9,October,12,7,50,230,C,,Single carriageway - 2 lanes,30,Other junction,Automatic Traffic Signal,C,,Daylight: street lights present,Fine (without high winds),Dry,None,None,No overtaking,327580,669550,530152,Junction,Cyclist,366026,unset,EH166JA,No crossing facility within 50m or physical crossing facility not controlled by authorised person,No physical crossing facility within 50m,Elsewhere,55.9136248791,-3.15873473695,"{""type"": ""Feature"",""geometry"": {""type"": ""Point"",""coordinates"": -3.15873473695, 55.9136248791}}"
563112,,Slight,2,2,09/10/2012,Tuesday,9,October,12,17,15,230,Unclassified,,Single carriageway - 2 lanes,60,'T' or staggered junction,Give way sign or markings,Unclassified,,Daylight: street lights present,Fine (without high winds),Dry,None,None,No overtaking,317110,668860,12230237,Junction,T.V.N.P.,366027,unset,EH144AB,No crossing facility within 50m or physical crossing facility not controlled by authorised person,No physical crossing facility within 50m,At scene,55.9057367564,-3.32599803729,"{""type"": ""Feature"",""geometry"": {""type"": ""Point"",""coordinates"": -3.32599803729, 55.9057367564}}"
563312,,Slight,2,1,06/10/2012,Saturday,6,October,12,21,26,230,A,1,Single carriageway - 2 lanes,30,Crossroads,Automatic Traffic Signal,C,,Darkness: street lights present and lit,Fine (without high winds),Dry,None,None,No overtaking,326900,674320,520689,Junction,T.V.N.P.,366028,unset,EH75AN,No crossing facility within 50m or physical crossing facility not controlled by authorised person,"Pelican, puffin, toucan or similar non-junction pedestrian light crossing",At scene,55.956375585,-3.17090427598,"{""type"": ""Feature"",""geometry"": {""type"": ""Point"",""coordinates"": -3.17090427598, 55.956375585}}"
563512,,Slight,1,1,09/10/2012,Tuesday,9,October,12,19,0,230,Unclassified,,Single carriageway - 2 lanes,30,Not at or within 20 metres of junction,unset,\,,Darkness: street lights present and lit,Fine (without high winds),Dry,None,None,No overtaking,324550,671530,549384,Segment,S.V.N.P.,366029,unset,EH104AZ,No crossing facility within 50m or physical crossing facility not controlled by authorised person,No physical crossing facility within 50m,At scene,55.930947395,-3.20775656002,"{""type"": ""Feature"",""geometry"": {""type"": ""Point"",""coordinates"": -3.20775656002, 55.930947395}}"
563812,,Slight,1,1,09/10/2012,Tuesday,9,October,12,20,5,230,Unclassified,,Single carriageway - 2 lanes,30,Not at or within 20 metres of junction,unset,\,,Darkness: street lights present but unlit,Fine (without high winds),Dry,None,None,No overtaking,323880,675890,2580740,Segment,Pedestrian,366030,unset,EH52DW,No crossing facility within 50m or physical crossing facility not controlled by authorised person,Central refuge - no other controls,At scene,55.9700111112,-3.21970966538,"{""type"": ""Feature"",""geometry"": {""type"": ""Point"",""coordinates"": -3.21970966538, 55.9700111112}}"
565012,,Slight,2,1,09/10/2012,Tuesday,9,October,12,9,5,230,A,901,Single carriageway - 2 lanes,30,Not at or within 20 metres of junction,unset,\,,Daylight: street lights present,Fine (without high winds),Dry,None,None,No overtaking,326360,676790,558749,Segment,Cyclist,366031,unset,EH66PD,No crossing facility within 50m or physical crossing facility not controlled by authorised person,Pedestrian phase at traffic signal junction,Elsewhere,55.9784833247,-3.18022717493,"{""type"": ""Feature"",""geometry"": {""type"": ""Point"",""coordinates"": -3.18022717493, 55.9784833247}}"
565312,,Slight,2,2,09/10/2012,Tuesday,9,October,12,22,25,230,Unclassified,,Single carriageway - 2 lanes,30,'T' or staggered junction,Give way sign or markings,Unclassified,,Darkness: street lights present but unlit,Fine (without high winds),Dry,None,None,No overtaking,325700,673320,521541,Junction,T.V.N.P.,366032,unset,EH11HU,No crossing facility within 50m or physical crossing facility not controlled by authorised person,Zebra crossing,At scene,55.9472076262,-3.18984547605,"{""type"": ""Feature"",""geometry"": {""type"": ""Point"",""coordinates"": -3.18984547605, 55.9472076262}}"
565712,,Slight,2,1,10/10/2012,Wednesday,10,October,12,21,0,230,A,71,Single carriageway - 2 lanes,30,Crossroads,Automatic Traffic Signal,Unclassified,,Darkness: street lights present and lit,Fine (without high winds),Dry,None,None,No overtaking,322290,671860,522219,Junction,Cyclist,366033,unset,EH112RT,No crossing facility within 50m or physical crossing facility not controlled by authorised person,Pedestrian phase at traffic signal junction,At scene,55.9335521386,-3.24401878092,"{""type"": ""Feature"",""geometry"": {""type"": ""Point"",""coordinates"": -3.24401878092, 55.9335521386}}"
566612,,Serious,1,1,11/10/2012,Thursday,11,October,12,13,30,230,A,901,Single carriageway - 2 lanes,30,Not at or within 20 metres of junction,unset,\,,Daylight: street lights present,Fine (without high winds),Dry,None,None,No overtaking,326890,675970,558734,Segment,Pedestrian,366034,unset,EH65HX,No crossing facility within 50m or physical crossing facility not controlled by authorised person,No physical crossing facility within 50m,At scene,55.971197534,-3.17151219152,"{""type"": ""Feature"",""geometry"": {""type"": ""Point"",""coordinates"": -3.17151219152, 55.971197534}}"
567412,,Slight,2,2,11/10/2012,Thursday,11,October,12,19,45,230,Unclassified,,Single carriageway - 2 lanes,30,'T' or staggered junction,Give way sign or markings,Unclassified,,Darkness: street lights present and lit,Raining (without high winds),Dry,None,None,No overtaking,324960,673370,521418,Junction,T.V.N.P.,366035,unset,EH12EL,No crossing facility within 50m or physical crossing facility not controlled by authorised person,No physical crossing facility within 50m,At scene,55.947541848,-3.20170688419,"{""type"": ""Feature"",""geometry"": {""type"": ""Point"",""coordinates"": -3.20170688419, 55.947541848}}"
567712,,Slight,5,1,12/10/2012,Friday,12,October,12,4,45,230,Unclassified,,Single carriageway - 2 lanes,30,Crossroads,Give way sign or markings,Unclassified,,Darkness: street lights present and lit,Raining (without high winds),Dry,None,None,No overtaking,324220,673710,10258599,Junction,M.V.N.P.,366036,unset,EH37HR,No crossing facility within 50m or physical crossing facility not controlled by authorised person,No physical crossing facility within 50m,At scene,55.9504802304,-3.21364997842,"{""type"": ""Feature"",""geometry"": {""type"": ""Point"",""coordinates"": -3.21364997842, 55.9504802304}}"
567912,,Slight,2,1,12/10/2012,Friday,12,October,12,8,7,230,C,,Single carriageway - 2 lanes,30,Crossroads,Give way sign or markings,Unclassified,,Darkness: no street lighting,Raining (without high winds),Dry,None,None,No overtaking,322960,669220,532942,Junction,Cyclist,366037,unset,EH139AW,No crossing facility within 50m or physical crossing facility not controlled by authorised person,"Pelican, puffin, toucan or similar non-junction pedestrian light crossing",At scene,55.90994277,-3.23254296408,"{""type"": ""Feature"",""geometry"": {""type"": ""Point"",""coordinates"": -3.23254296408, 55.90994277}}"
568612,,Slight,1,1,12/10/2012,Friday,12,October,12,8,15,230,C,,Single carriageway - 2 lanes,30,'T' or staggered junction,Give way sign or markings,Unclassified,,Daylight: no street lighting,Raining (without high winds),Dry,None,None,No overtaking,325590,676790,10310015,Junction,Pedestrian,366038,unset,EH64SE,No crossing facility within 50m or physical crossing facility not controlled by authorised person,No physical crossing facility within 50m,Elsewhere,55.9783645877,-3.19256496149,"{""type"": ""Feature"",""geometry"": {""type"": ""Point"",""coordinates"": -3.19256496149, 55.9783645877}}"
569112,,Serious,1,1,13/10/2012,Saturday,13,October,12,1,20,230,C,,Single carriageway - 2 lanes,40,Not at or within 20 metres of junction,unset,\,,Darkness: street lights present and lit,Fine (without high winds),Dry,None,None,No overtaking,328540,668050,562981,Segment,Pedestrian,366039,unset,EH178SE,No crossing facility within 50m or physical crossing facility not controlled by authorised person,No physical crossing facility within 50m,At scene,55.9002922573,-3.142981549,"{""type"": ""Feature"",""geometry"": {""type"": ""Point"",""coordinates"": -3.142981549, 55.9002922573}}"
569312,,Slight,2,1,02/10/2012,Tuesday,2,October,12,13,5,230,C,,Single carriageway - 2 lanes,30,Roundabout,Give way sign or markings,A,900,Daylight: street lights present,Raining (without high winds),Dry,None,None,No overtaking,326160,674520,520248,Junction,T.V.N.P.,366040,unset,EH74AA,No crossing facility within 50m or physical crossing facility not controlled by authorised person,Pedestrian phase at traffic signal junction,At scene,55.9580592019,-3.18280944748,"{""type"": ""Feature"",""geometry"": {""type"": ""Point"",""coordinates"": -3.18280944748, 55.9580592019}}"
570412,,Serious,1,1,12/10/2012,Friday,12,October,12,20,40,230,Unclassified,,Single carriageway - 2 lanes,30,Other junction,Give way sign or markings,Unclassified,,Darkness: street lights present and lit,Fine (without high winds),Dry,None,None,No overtaking,324530,671220,530419,Junction,Pedestrian,366041,unset,EH104QT,No crossing facility within 50m or physical crossing facility not controlled by authorised person,Pedestrian phase at traffic signal junction,At scene,55.9281592626,-3.20798997286,"{""type"": ""Feature"",""geometry"": {""type"": ""Point"",""coordinates"": -3.20798997286, 55.9281592626}}"
570912,,Slight,2,2,13/10/2012,Saturday,13,October,12,17,17,230,Unclassified,,Single carriageway - 2 lanes,30,Mini-roundabout,Give way sign or markings,Unclassified,,Daylight: street lights present,Fine (without high winds),Dry,None,None,No overtaking,323310,676530,522858,Junction,T.V.N.P.,366042,unset,EH52HQ,No crossing facility within 50m or physical crossing facility not controlled by authorised person,No physical crossing facility within 50m,At scene,55.975669998,-3.22902300273,"{""type"": ""Feature"",""geometry"": {""type"": ""Point"",""coordinates"": -3.22902300273, 55.975669998}}"
571112,,Slight,2,2,14/10/2012,Sunday,14,October,12,1,10,230,C,,Single carriageway - 2 lanes,30,'T' or staggered junction,Automatic Traffic Signal,A,900,Darkness: street lights present and lit,Raining (without high winds),Dry,None,None,No overtaking,326550,675140,519867,Junction,T.V.N.P.,366043,unset,EH74PE,No crossing facility within 50m or physical crossing facility not controlled by authorised person,Pedestrian phase at traffic signal junction,At scene,55.9636890106,-3.17673270628,"{""type"": ""Feature"",""geometry"": {""type"": ""Point"",""coordinates"": -3.17673270628, 55.9636890106}}"
572312,,Slight,2,1,14/10/2012,Sunday,14,October,12,8,30,230,B,900,Single carriageway - 2 lanes,30,'T' or staggered junction,Give way sign or markings,Unclassified,,Daylight: street lights present,Fine (without high winds),Dry,None,None,No overtaking,323090,674490,520455,Junction,T.V.N.P.,366044,unset,EH42DW,No crossing facility within 50m or physical crossing facility not controlled by authorised person,No physical crossing facility within 50m,At scene,55.9573080224,-3.23196529126,"{""type"": ""Feature"",""geometry"": {""type"": ""Point"",""coordinates"": -3.23196529126, 55.9573080224}}"
572512,,Slight,1,1,11/10/2012,Thursday,11,October,12,19,30,230,B,900,Single carriageway - 2 lanes,30,'T' or staggered junction,Give way sign or markings,Unclassified,,Darkness: street lights present and lit,Fine (without high winds),Dry,None,None,No overtaking,324290,674690,520113,Junction,Pedestrian,366045,unset,EH41JH,No crossing facility within 50m or physical crossing facility not controlled by authorised person,Pedestrian phase at traffic signal junction,Elsewhere,55.9592953875,-3.21280443321,"{""type"": ""Feature"",""geometry"": {""type"": ""Point"",""coordinates"": -3.21280443321, 55.9592953875}}"
573212,,Slight,2,1,14/10/2012,Sunday,14,October,12,22,25,230,A,701,Single carriageway - 2 lanes,30,Crossroads,Give way sign or markings,Unclassified,,Daylight: no street lighting,Fine (without high winds),Dry,None,None,No overtaking,326890,671540,529471,Junction,Cyclist,366046,unset,EH92BL,Control by other authorised person,Pedestrian phase at traffic signal junction,At scene,55.9313986749,-3.17031093451,"{""type"": ""Feature"",""geometry"": {""type"": ""Point"",""coordinates"": -3.17031093451, 55.9313986749}}"
573312,,Slight,1,1,13/10/2012,Saturday,13,October,12,6,36,230,A,1,Roundabout,50,Roundabout,Give way sign or markings,Unclassified,,Daylight: no street lighting,Fine (without high winds),Dry,None,None,No overtaking,331230,672440,517723,Junction,S.V.N.P.,366047,unset,EH153SA,Control by other authorised person,Pedestrian phase at traffic signal junction,At scene,55.9401246751,-3.10108244505,"{""type"": ""Feature"",""geometry"": {""type"": ""Point"",""coordinates"": -3.10108244505, 55.9401246751}}"