acc_ref,beat_no,severity,no_vehicle,no_casualt,a_date,a_day,a_date_day,a_date_mon,a_date_yr,a_time_hr,a_time_min,loc_auth,road1_class,road1_no,road_type,speed_limi,junc_det,junc_ctrl,road2_class,road2_no,light_cond,weather,road_surf,spec_cond,cway_hzrds,ovrtk_patrn,easting,northing,net_id,net_type,acc_type,text_id,division,Postcode,ped_xing_hc,ped_xing_p,place_reported,latitude,longitude,geojson
573712,,Slight,3,1,14/10/2012,Sunday,14,October,12,13,30,230,Motorway,8,Dual carriageway - 2 lanes,40,Roundabout,Automatic Traffic Signal,Unclassified,,Daylight: no street lighting,Raining (without high winds),Dry,None,None,No overtaking,318050,670930,6453338,Junction,M.V.N.P.,366048,unset,EH129BU,No crossing facility within 50m or physical crossing facility not controlled by authorised person,No physical crossing facility within 50m,At scene,55.9244935872,-3.31159296783,"{""type"": ""Feature"",""geometry"": {""type"": ""Point"",""coordinates"": -3.31159296783, 55.9244935872}}"
573912,,Slight,1,1,15/10/2012,Monday,15,October,12,10,45,230,C,,Single carriageway - 2 lanes,30,'T' or staggered junction,Give way sign or markings,Unclassified,,Daylight: street lights present,Fine (without high winds),Dry,None,None,No overtaking,320210,672160,521886,Junction,Pedestrian,366049,unset,EH127DY,Control by other authorised person,Pedestrian phase at traffic signal junction,Elsewhere,55.9359065803,-3.27739591766,"{""type"": ""Feature"",""geometry"": {""type"": ""Point"",""coordinates"": -3.27739591766, 55.9359065803}}"
574212,,Slight,2,1,15/10/2012,Monday,15,October,12,10,15,230,Unclassified,,Single carriageway - 2 lanes,30,Crossroads,Give way sign or markings,Unclassified,,Daylight: street lights present,Fine (without high winds),Dry,None,None,No overtaking,319420,674700,0,Unset,T.V.N.P.,366050,unset,EH47RR,No crossing facility within 50m or physical crossing facility not controlled by authorised person,No physical crossing facility within 50m,At scene,55.9585930353,-3.29079873989,"{""type"": ""Feature"",""geometry"": {""type"": ""Point"",""coordinates"": -3.29079873989, 55.9585930353}}"
574912,,Slight,1,1,15/10/2012,Monday,15,October,12,18,0,230,B,900,Single carriageway - 2 lanes,30,Roundabout,Give way sign or markings,C,,Daylight: street lights present,Fine (without high winds),Dry,None,None,No overtaking,323530,674630,520101,Junction,Pedestrian,366051,unset,EH41AF,No crossing facility within 50m or physical crossing facility not controlled by authorised person,No physical crossing facility within 50m,At scene,55.9586359848,-3.22495879292,"{""type"": ""Feature"",""geometry"": {""type"": ""Point"",""coordinates"": -3.22495879292, 55.9586359848}}"
575012,,Slight,3,1,15/10/2012,Monday,15,October,12,8,20,230,Unclassified,,Single carriageway - 2 lanes,30,Not at or within 20 metres of junction,unset,\,,Daylight: street lights present,Fine (without high winds),Dry,None,None,No overtaking,325980,676060,10217377,Segment,M.V.N.P.,366052,unset,EH65TB,No crossing facility within 50m or physical crossing facility not controlled by authorised person,No physical crossing facility within 50m,\3,55.971866666,-3.18611524787,"{""type"": ""Feature"",""geometry"": {""type"": ""Point"",""coordinates"": -3.18611524787, 55.971866666}}"
575212,,Slight,1,1,16/10/2012,Tuesday,16,October,12,8,30,230,A,7,Single carriageway - 2 lanes,30,Other junction,Give way sign or markings,Unclassified,,Daylight: street lights present,Raining (without high winds),Dry,Road works present,None,No overtaking,326030,673310,521586,Junction,Pedestrian,366053,unset,EH89DH,No crossing facility within 50m or physical crossing facility not controlled by authorised person,No physical crossing facility within 50m,At scene,55.9471686907,-3.18455936289,"{""type"": ""Feature"",""geometry"": {""type"": ""Point"",""coordinates"": -3.18455936289, 55.9471686907}}"
576012,,Slight,2,1,16/10/2012,Tuesday,16,October,12,8,0,230,Unclassified,,Single carriageway - 2 lanes,30,Other junction,Automatic Traffic Signal,Unclassified,,Daylight: street lights present,Raining (without high winds),Dry,None,None,No overtaking,327280,671710,530389,Junction,Cyclist,366054,unset,EH165DT,No crossing facility within 50m or physical crossing facility not controlled by authorised person,No physical crossing facility within 50m,At scene,55.9329850872,-3.16411524502,"{""type"": ""Feature"",""geometry"": {""type"": ""Point"",""coordinates"": -3.16411524502, 55.9329850872}}"
577212,,Slight,1,1,16/10/2012,Tuesday,16,October,12,17,20,230,Unclassified,,Single carriageway - 2 lanes,30,Not at or within 20 metres of junction,unset,\,,Daylight: street lights present,Raining (without high winds),Dry,None,None,No overtaking,320800,675890,567297,Segment,Bus,366055,unset,EH45LF,No crossing facility within 50m or physical crossing facility not controlled by authorised person,No physical crossing facility within 50m,At scene,55.9695130041,-3.26904872618,"{""type"": ""Feature"",""geometry"": {""type"": ""Point"",""coordinates"": -3.26904872618, 55.9695130041}}"
577612,,Serious,1,1,16/10/2012,Tuesday,16,October,12,16,35,230,A,8,Single carriageway - 2 lanes,30,Not at or within 20 metres of junction,unset,\,,Daylight: street lights present,Fine (without high winds),Dry,None,None,No overtaking,322150,673150,521247,Junction,Pedestrian,366056,unset,EH126HS,No crossing facility within 50m or physical crossing facility not controlled by authorised person,No physical crossing facility within 50m,At scene,55.9451184772,-3.24663156811,"{""type"": ""Feature"",""geometry"": {""type"": ""Point"",""coordinates"": -3.24663156811, 55.9451184772}}"
578012,,Slight,2,1,23/08/2012,Thursday,23,August,12,23,30,230,Unclassified,,Single carriageway - 2 lanes,30,Multiple junction,Automatic Traffic Signal,A,702,Darkness: street lights present and lit,Raining (without high winds),Dry,None,None,No overtaking,324890,672950,533374,Junction,Cyclist,357285,unset,EH39LY,No crossing facility within 50m or physical crossing facility not controlled by authorised person,Pedestrian phase at traffic signal junction,At scene,55.943757698,-3.20271063946,"{""type"": ""Feature"",""geometry"": {""type"": ""Point"",""coordinates"": -3.20271063946, 55.943757698}}"
578312,,Slight,2,1,14/10/2012,Sunday,14,October,12,21,15,230,A,70,Single carriageway - 2 lanes,30,'T' or staggered junction,Automatic Traffic Signal,Unclassified,,Darkness: street lights present and lit,Fine (without high winds),Dry,None,None,No overtaking,322020,670660,522774,Junction,T.V.N.P.,366057,unset,EH141TL,Control by other authorised person,"Pelican, puffin, toucan or similar non-junction pedestrian light crossing",At scene,55.9227279658,-3.24799335716,"{""type"": ""Feature"",""geometry"": {""type"": ""Point"",""coordinates"": -3.24799335716, 55.9227279658}}"
578512,,Slight,3,1,16/10/2012,Tuesday,16,October,12,17,30,230,A,720,Dual carriageway - 2 lanes,70,Not at or within 20 metres of junction,unset,\,,Daylight: street lights present,Fine (without high winds),Dry,None,None,No overtaking,331580,667930,2579269,Segment,M.V.N.P.,366058,unset,EH221RT,No crossing facility within 50m or physical crossing facility not controlled by authorised person,No physical crossing facility within 50m,At scene,55.8996557713,-3.09433748733,"{""type"": ""Feature"",""geometry"": {""type"": ""Point"",""coordinates"": -3.09433748733, 55.8996557713}}"
578812,,Serious,1,1,17/10/2012,Wednesday,17,October,12,12,20,230,A,8,Dual carriageway - 2 lanes,30,'T' or staggered junction,Automatic Traffic Signal,C,,Daylight: street lights present,Raining (without high winds),Dry,None,None,No overtaking,325170,673810,521055,Junction,Bus,366059,unset,EH23AA,No crossing facility within 50m or physical crossing facility not controlled by authorised person,Pedestrian phase at traffic signal junction,At scene,55.951527487,-3.19846683231,"{""type"": ""Feature"",""geometry"": {""type"": ""Point"",""coordinates"": -3.19846683231, 55.951527487}}"
579012,,Slight,2,1,17/10/2012,Wednesday,17,October,12,12,10,230,C,,Single carriageway - 2 lanes,30,'T' or staggered junction,Give way sign or markings,Unclassified,,Daylight: street lights present,Raining (without high winds),Dry,None,None,No overtaking,320840,670990,530461,Junction,T.V.N.P.,366060,unset,EH142AJ,No crossing facility within 50m or physical crossing facility not controlled by authorised person,No physical crossing facility within 50m,At scene,55.9254998446,-3.26696966796,"{""type"": ""Feature"",""geometry"": {""type"": ""Point"",""coordinates"": -3.26696966796, 55.9254998446}}"
579112,,Slight,2,2,17/10/2012,Wednesday,17,October,12,13,35,230,C,,Single carriageway - 2 lanes,30,Not at or within 20 metres of junction,unset,\,,Daylight: street lights present,Raining (without high winds),Dry,Automatic Traffic Signal partially defective,None,No overtaking,324900,674080,566753,Segment,T.V.N.P.,366061,unset,EH24NA,No crossing facility within 50m or physical crossing facility not controlled by authorised person,"Pelican, puffin, toucan or similar non-junction pedestrian light crossing",At scene,55.9539110012,-3.20286525845,"{""type"": ""Feature"",""geometry"": {""type"": ""Point"",""coordinates"": -3.20286525845, 55.9539110012}}"
579212,,Slight,1,1,17/10/2012,Wednesday,17,October,12,10,0,230,A,900,Dual carriageway - 2 lanes,30,Not at or within 20 metres of junction,unset,\,,Daylight: street lights present,Raining (without high winds),Dry,None,None,No overtaking,326070,674420,558509,Segment,Pedestrian,366062,unset,EH13NQ,No crossing facility within 50m or physical crossing facility not controlled by authorised person,Pedestrian phase at traffic signal junction,At scene,55.9571469715,-3.184223339,"{""type"": ""Feature"",""geometry"": {""type"": ""Point"",""coordinates"": -3.184223339, 55.9571469715}}"
580012,,Slight,2,1,17/10/2012,Wednesday,17,October,12,14,30,230,A,8,Single carriageway - 2 lanes,30,Other junction,Automatic Traffic Signal,Unclassified,,Daylight: street lights present,Raining (without high winds),Dry,None,None,No overtaking,324190,673320,521319,Junction,Cyclist,366063,unset,EH125DS,No crossing facility within 50m or physical crossing facility not controlled by authorised person,No physical crossing facility within 50m,At scene,55.9469718151,-3.214020679,"{""type"": ""Feature"",""geometry"": {""type"": ""Point"",""coordinates"": -3.214020679, 55.9469718151}}"
580912,,Slight,2,1,17/10/2012,Wednesday,17,October,12,20,30,230,A,1,Single carriageway - 2 lanes,30,Not at or within 20 metres of junction,unset,\,,Darkness: street lights present and lit,Raining (without high winds),Dry,None,None,No overtaking,327760,674250,2306922,Segment,T.V.N.P.,366064,unset,EH76AA,No crossing facility within 50m or physical crossing facility not controlled by authorised person,No physical crossing facility within 50m,Elsewhere,55.9558767877,-3.15711334879,"{""type"": ""Feature"",""geometry"": {""type"": ""Point"",""coordinates"": -3.15711334879, 55.9558767877}}"
581912,,Slight,2,1,18/10/2012,Thursday,18,October,12,13,58,230,Unclassified,,Single carriageway - 2 lanes,30,Not at or within 20 metres of junction,unset,\,,Daylight: street lights present,Fine (without high winds),Dry,None,None,No overtaking,326040,673410,0,Unset,Cyclist,366065,unset,EH11LT,No crossing facility within 50m or physical crossing facility not controlled by authorised person,Pedestrian phase at traffic signal junction,At scene,55.9480686199,-3.18442668611,"{""type"": ""Feature"",""geometry"": {""type"": ""Point"",""coordinates"": -3.18442668611, 55.9480686199}}"
584412,,Slight,2,1,19/10/2012,Friday,19,October,12,7,20,230,C,,Single carriageway - 2 lanes,30,Crossroads,Give way sign or markings,Unclassified,,Darkness: street lighting unknown,Raining (without high winds),Dry,None,None,No overtaking,325460,672340,522051,Junction,Cyclist,366066,unset,EH91HY,No crossing facility within 50m or physical crossing facility not controlled by authorised person,No physical crossing facility within 50m,Elsewhere,55.9383662605,-3.19341712478,"{""type"": ""Feature"",""geometry"": {""type"": ""Point"",""coordinates"": -3.19341712478, 55.9383662605}}"
585012,,Slight,1,1,16/10/2012,Tuesday,16,October,12,12,48,230,Unclassified,,One way Street,30,Roundabout,Give way sign or markings,Unclassified,,Daylight: street lights present,Raining (without high winds),Dry,None,None,No overtaking,319740,671460,9659163,Junction,Pedestrian,366067,unset,EH113UP,No crossing facility within 50m or physical crossing facility not controlled by authorised person,Pedestrian phase at traffic signal junction,At scene,55.9295398455,-3.28471011782,"{""type"": ""Feature"",""geometry"": {""type"": ""Point"",""coordinates"": -3.28471011782, 55.9295398455}}"
585212,,Slight,1,1,19/10/2012,Friday,19,October,12,16,44,230,Unclassified,,Single carriageway - 2 lanes,30,Crossroads,Give way sign or markings,Unclassified,,Daylight: street lights present,Fine (without high winds),Dry,None,None,No overtaking,325900,673300,0,Unset,S.V.N.P.,366068,unset,EH11HD,No crossing facility within 50m or physical crossing facility not controlled by authorised person,No physical crossing facility within 50m,Elsewhere,55.9470588259,-3.18663794019,"{""type"": ""Feature"",""geometry"": {""type"": ""Point"",""coordinates"": -3.18663794019, 55.9470588259}}"
586112,,Slight,2,1,19/10/2012,Friday,19,October,12,19,30,230,A,1,Single carriageway - 2 lanes,30,Not at or within 20 metres of junction,unset,\,,Darkness: street lights present and lit,Raining (without high winds),Dry,None,None,No overtaking,327660,674290,520752,Junction,Cyclist,366069,unset,EH76AE,No crossing facility within 50m or physical crossing facility not controlled by authorised person,No physical crossing facility within 50m,Elsewhere,55.9562211003,-3.15872547884,"{""type"": ""Feature"",""geometry"": {""type"": ""Point"",""coordinates"": -3.15872547884, 55.9562211003}}"
586512,,Slight,1,1,20/10/2012,Saturday,20,October,12,15,20,230,Unclassified,,Single carriageway - 2 lanes,30,'T' or staggered junction,Give way sign or markings,B,900,Daylight: street lights present,Fine (without high winds),Dry,None,None,No overtaking,326390,675910,519466,Junction,Pedestrian,366070,unset,EH65JS,No crossing facility within 50m or physical crossing facility not controlled by authorised person,No physical crossing facility within 50m,Elsewhere,55.9705821123,-3.17950586994,"{""type"": ""Feature"",""geometry"": {""type"": ""Point"",""coordinates"": -3.17950586994, 55.9705821123}}"
586612,,Slight,3,1,20/10/2012,Saturday,20,October,12,14,44,230,Unclassified,,Single carriageway - 2 lanes,30,Not at or within 20 metres of junction,unset,\,,Daylight: street lights present,Fine (without high winds),Dry,None,None,No overtaking,325670,673420,567153,Segment,Cyclist,366071,unset,EH11EJ,No crossing facility within 50m or physical crossing facility not controlled by authorised person,No physical crossing facility within 50m,At scene,55.9481013757,-3.1903533441,"{""type"": ""Feature"",""geometry"": {""type"": ""Point"",""coordinates"": -3.1903533441, 55.9481013757}}"
586712,,Slight,1,1,20/10/2012,Saturday,20,October,12,7,45,230,A,902,Roundabout,40,Roundabout,Give way sign or markings,Unclassified,,Daylight: street lights present,Raining (without high winds),Dry,None,None,No overtaking,318090,673740,520776,Junction,S.V.N.P.,366072,unset,EH128UA,No crossing facility within 50m or physical crossing facility not controlled by authorised person,No physical crossing facility within 50m,At scene,55.9497439912,-3.31180587576,"{""type"": ""Feature"",""geometry"": {""type"": ""Point"",""coordinates"": -3.31180587576, 55.9497439912}}"
587012,,Slight,1,1,20/10/2012,Saturday,20,October,12,2,10,230,Unclassified,,Dual carriageway - 2 lanes,30,'T' or staggered junction,Automatic Traffic Signal,A,702,Darkness: street lights present but unlit,Fine (without high winds),Dry,None,None,No overtaking,324900,672960,533374,Junction,Pedestrian,366073,unset,EH39LY,No crossing facility within 50m or physical crossing facility not controlled by authorised person,Pedestrian phase at traffic signal junction,At scene,55.943849099,-3.20255333669,"{""type"": ""Feature"",""geometry"": {""type"": ""Point"",""coordinates"": -3.20255333669, 55.943849099}}"
587212,,Slight,2,1,20/10/2012,Saturday,20,October,12,23,30,230,Unclassified,,Single carriageway - 2 lanes,30,'T' or staggered junction,Stop sign,Unclassified,,Darkness: street lights present but unlit,Fine (without high winds),Dry,None,None,No overtaking,324540,671170,530416,Junction,Cyclist,366074,unset,EH104QT,No crossing facility within 50m or physical crossing facility not controlled by authorised person,"Pelican, puffin, toucan or similar non-junction pedestrian light crossing",At scene,55.9277116389,-3.2078159773,"{""type"": ""Feature"",""geometry"": {""type"": ""Point"",""coordinates"": -3.2078159773, 55.9277116389}}"
587712,,Slight,1,1,21/10/2012,Sunday,21,October,12,21,25,230,C,,Single carriageway - 2 lanes,30,Crossroads,Authorised Person,Unclassified,,Darkness: street lights present and lit,Fine (without high winds),Dry,None,None,No overtaking,327000,674980,519864,Junction,Pedestrian,366075,unset,EH75QH,Control by other authorised person,"Pelican, puffin, toucan or similar non-junction pedestrian light crossing",At scene,55.9623201863,-3.16948165743,"{""type"": ""Feature"",""geometry"": {""type"": ""Point"",""coordinates"": -3.16948165743, 55.9623201863}}"
588912,,Slight,2,1,22/10/2012,Monday,22,October,12,10,0,230,A,1140,Single carriageway - 2 lanes,30,Not at or within 20 metres of junction,unset,\,,Daylight: no street lighting,Fine (without high winds),Dry,None,None,No overtaking,328740,674170,554894,Segment,T.V.N.P.,366076,unset,EH87BS,No crossing facility within 50m or physical crossing facility not controlled by authorised person,"Pelican, puffin, toucan or similar non-junction pedestrian light crossing",At scene,55.9553044183,-3.14139845226,"{""type"": ""Feature"",""geometry"": {""type"": ""Point"",""coordinates"": -3.14139845226, 55.9553044183}}"
589212,,Slight,3,1,22/10/2012,Monday,22,October,12,6,15,230,A,720,Dual carriageway - 2 lanes,50,Not at or within 20 metres of junction,unset,\,,Darkness: no street lighting,Fine (without high winds),Dry,None,None,No overtaking,318440,670550,2582067,Segment,M.V.N.P.,366077,unset,EH144AJ,No crossing facility within 50m or physical crossing facility not controlled by authorised person,No physical crossing facility within 50m,At scene,55.9211461321,-3.30523817977,"{""type"": ""Feature"",""geometry"": {""type"": ""Point"",""coordinates"": -3.30523817977, 55.9211461321}}"
590012,,Serious,1,5,22/10/2012,Monday,22,October,12,20,14,230,A,70,Single carriageway - 2 lanes,60,Not at or within 20 metres of junction,unset,\,,Daylight: no street lighting,Raining (without high winds),Dry,None,None,No overtaking,313640,666080,561617,Segment,S.V.N.P.,366078,unset,EH147JF,No crossing facility within 50m or physical crossing facility not controlled by authorised person,No physical crossing facility within 50m,At scene,55.8801531693,-3.3806029907,"{""type"": ""Feature"",""geometry"": {""type"": ""Point"",""coordinates"": -3.3806029907, 55.8801531693}}"
591612,,Slight,2,1,23/10/2012,Tuesday,23,October,12,15,50,230,A,701,Single carriageway - 2 lanes,30,Other junction,Give way sign or markings,Unclassified,,Darkness: street lights present and lit,Fine (without high winds),Dry,None,None,No overtaking,327370,669120,530185,Junction,Cyclist,366079,unset,EH166JS,No crossing facility within 50m or physical crossing facility not controlled by authorised person,No physical crossing facility within 50m,At scene,55.9097300974,-3.16197845902,"{""type"": ""Feature"",""geometry"": {""type"": ""Point"",""coordinates"": -3.16197845902, 55.9097300974}}"
591712,,Slight,2,1,23/10/2012,Tuesday,23,October,12,19,45,230,A,900,Dual carriageway - 2 lanes,30,Not at or within 20 metres of junction,unset,\,,Darkness: street lights present and lit,Unknown,Dry,None,None,No overtaking,325980,674220,12285707,Segment,Cyclist,366080,unset,EH13SJ,No crossing facility within 50m or physical crossing facility not controlled by authorised person,Pedestrian phase at traffic signal junction,At scene,55.9553363363,-3.1856097024,"{""type"": ""Feature"",""geometry"": {""type"": ""Point"",""coordinates"": -3.1856097024, 55.9553363363}}"
594012,,Slight,1,1,24/10/2012,Wednesday,24,October,12,16,25,230,C,,Single carriageway - 2 lanes,30,'T' or staggered junction,Give way sign or markings,Unclassified,,Daylight: street lights present,Fine (without high winds),Dry,None,None,No overtaking,324710,674480,520491,Junction,Bus,366081,unset,EH36TP,No crossing facility within 50m or physical crossing facility not controlled by authorised person,No physical crossing facility within 50m,Elsewhere,55.957474795,-3.20601943287,"{""type"": ""Feature"",""geometry"": {""type"": ""Point"",""coordinates"": -3.20601943287, 55.957474795}}"
594112,,Serious,1,1,24/10/2012,Wednesday,24,October,12,20,50,230,Unclassified,,Single carriageway - 2 lanes,30,Not at or within 20 metres of junction,unset,\,,Darkness: street lights present and lit,Fine (without high winds),Dry,None,None,No overtaking,312620,674430,555144,Segment,Pedestrian,366082,unset,EH299BB,No crossing facility within 50m or physical crossing facility not controlled by authorised person,No physical crossing facility within 50m,At scene,55.9549789117,-3.39960423562,"{""type"": ""Feature"",""geometry"": {""type"": ""Point"",""coordinates"": -3.39960423562, 55.9549789117}}"
594212,,Slight,2,1,24/10/2012,Wednesday,24,October,12,17,39,230,C,,Single carriageway - 2 lanes,30,Crossroads,Automatic Traffic Signal,C,,Darkness: street lights present and lit,Fine (without high winds),Dry,None,None,No overtaking,325510,671950,529450,Junction,Cyclist,366083,unset,EH91AG,No crossing facility within 50m or physical crossing facility not controlled by authorised person,Pedestrian phase at traffic signal junction,At scene,55.9348702921,-3.19250914873,"{""type"": ""Feature"",""geometry"": {""type"": ""Point"",""coordinates"": -3.19250914873, 55.9348702921}}"
594712,,Slight,1,1,20/09/2012,Thursday,20,September,12,15,35,230,A,1,Dual carriageway - 2 lanes,50,Roundabout,Give way sign or markings,A,1,Daylight: no street lighting,Fine (without high winds),Dry,None,None,No overtaking,331270,672420,530980,Junction,S.V.N.P.,357647,unset,EH153SA,No crossing facility within 50m or physical crossing facility not controlled by authorised person,No physical crossing facility within 50m,At scene,55.9399507121,-3.10043703969,"{""type"": ""Feature"",""geometry"": {""type"": ""Point"",""coordinates"": -3.10043703969, 55.9399507121}}"
595612,,Slight,2,1,25/10/2012,Thursday,25,October,12,14,20,230,C,,Single carriageway - 2 lanes,30,'T' or staggered junction,Give way sign or markings,C,,Daylight: street lights present,Fine (without high winds),Dry,None,None,No overtaking,326450,669590,533203,Junction,T.V.N.P.,366084,unset,EH166TQ,No crossing facility within 50m or physical crossing facility not controlled by authorised person,No physical crossing facility within 50m,At scene,55.913812852,-3.17682159784,"{""type"": ""Feature"",""geometry"": {""type"": ""Point"",""coordinates"": -3.17682159784, 55.913812852}}"
596312,,Slight,1,1,25/10/2012,Thursday,25,October,12,16,42,230,A,1,Single carriageway - 2 lanes,30,'T' or staggered junction,Give way sign or markings,Unclassified,,Daylight: street lights present,Fine (without high winds),Dry,None,None,No overtaking,329070,673290,523626,Junction,Pedestrian,366085,unset,EH87RR,No crossing facility within 50m or physical crossing facility not controlled by authorised person,Pedestrian phase at traffic signal junction,At scene,55.9474472843,-3.1358823775,"{""type"": ""Feature"",""geometry"": {""type"": ""Point"",""coordinates"": -3.1358823775, 55.9474472843}}"
597012,,Slight,2,4,26/10/2012,Friday,26,October,12,14,0,230,Unclassified,,Single carriageway - 2 lanes,30,Not at or within 20 metres of junction,unset,\,,Daylight: street lights present,Fine (without high winds),Dry,None,None,No overtaking,327480,671380,568090,Segment,T.V.N.P.,366086,unset,EH165DT,No crossing facility within 50m or physical crossing facility not controlled by authorised person,"Pelican, puffin, toucan or similar non-junction pedestrian light crossing",At scene,55.9300505706,-3.16082569699,"{""type"": ""Feature"",""geometry"": {""type"": ""Point"",""coordinates"": -3.16082569699, 55.9300505706}}"
597812,,Serious,2,1,26/10/2012,Friday,26,October,12,19,50,230,A,90,Single carriageway - 2 lanes,30,Not at or within 20 metres of junction,unset,\,,Darkness: street lights present and lit,Fine (without high winds),Dry,None,None,No overtaking,324210,674140,555594,Segment,Cyclist,366087,unset,EH43AB,No crossing facility within 50m or physical crossing facility not controlled by authorised person,No physical crossing facility within 50m,At scene,55.954341687,-3.21393097527,"{""type"": ""Feature"",""geometry"": {""type"": ""Point"",""coordinates"": -3.21393097527, 55.954341687}}"
597912,,Slight,2,1,26/10/2012,Friday,26,October,12,17,30,230,C,,Single carriageway - 2 lanes,30,Crossroads,Give way sign or markings,Unclassified,,Darkness: street lights present and lit,Fine (without high winds),Dry,None,None,No overtaking,325230,674410,520533,Junction,Cyclist,366088,unset,EH36QG,No crossing facility within 50m or physical crossing facility not controlled by authorised person,No physical crossing facility within 50m,At scene,55.9569271368,-3.19767254,"{""type"": ""Feature"",""geometry"": {""type"": ""Point"",""coordinates"": -3.19767254, 55.9569271368}}"
598012,,Slight,1,1,26/10/2012,Friday,26,October,12,7,0,230,C,,Single carriageway - 2 lanes,30,Not at or within 20 metres of junction,unset,\,,Darkness: street lights present and lit,Fine (without high winds),Dry,None,None,No overtaking,320810,671000,564583,Segment,Pedestrian,366089,unset,EH142AQ,No crossing facility within 50m or physical crossing facility not controlled by authorised person,No physical crossing facility within 50m,Elsewhere,55.9255847431,-3.26745262347,"{""type"": ""Feature"",""geometry"": {""type"": ""Point"",""coordinates"": -3.26745262347, 55.9255847431}}"
598112,,Slight,3,1,23/10/2012,Tuesday,23,October,12,16,5,230,B,701,Single carriageway - 2 lanes,30,Not at or within 20 metres of junction,unset,\,,Daylight: no street lighting,Other,Dry,None,None,No overtaking,319290,673090,551732,Segment,M.V.N.P.,366090,unset,EH128DS,No crossing facility within 50m or physical crossing facility not controlled by authorised person,No physical crossing facility within 50m,At scene,55.9441077286,-3.2923986403,"{""type"": ""Feature"",""geometry"": {""type"": ""Point"",""coordinates"": -3.2923986403, 55.9441077286}}"
598812,,Slight,3,5,27/10/2012,Saturday,27,October,12,11,42,230,Unclassified,,Single carriageway - 2 lanes,40,Not at or within 20 metres of junction,unset,\,,Daylight: street lights present,Fine (without high winds),Dry,None,None,No overtaking,329980,674000,554057,Segment,M.V.N.P.,366091,unset,EH151DJ,No crossing facility within 50m or physical crossing facility not controlled by authorised person,"Pelican, puffin, toucan or similar non-junction pedestrian light crossing",At scene,55.9539594356,-3.12149706043,"{""type"": ""Feature"",""geometry"": {""type"": ""Point"",""coordinates"": -3.12149706043, 55.9539594356}}"
599012,,Slight,2,1,27/10/2012,Saturday,27,October,12,18,30,230,Unclassified,,Single carriageway - 2 lanes,30,Crossroads,Give way sign or markings,Unclassified,,Darkness: street lights present and lit,Raining (without high winds),Dry,None,None,No overtaking,326230,676380,532555,Junction,T.V.N.P.,366092,unset,EH64EX,No crossing facility within 50m or physical crossing facility not controlled by authorised person,No physical crossing facility within 50m,At scene,55.9747799792,-3.18219782341,"{""type"": ""Feature"",""geometry"": {""type"": ""Point"",""coordinates"": -3.18219782341, 55.9747799792}}"
600712,,Slight,2,1,28/10/2012,Sunday,28,October,12,14,20,230,C,,Single carriageway - 2 lanes,30,Crossroads,Automatic Traffic Signal,A,70,Daylight: street lights present,Fine (without high winds),Dry,None,None,No overtaking,323500,672270,521991,Junction,T.V.N.P.,366093,unset,EH112JP,Control by other authorised person,Pedestrian phase at traffic signal junction,At scene,55.9374295158,-3.22476975459,"{""type"": ""Feature"",""geometry"": {""type"": ""Point"",""coordinates"": -3.22476975459, 55.9374295158}}"
600812,,Serious,2,1,28/10/2012,Sunday,28,October,12,0,20,230,B,701,Single carriageway - 2 lanes,30,Crossroads,Automatic Traffic Signal,C,,Darkness: street lights present and lit,Fine (without high winds),Dry,None,None,No overtaking,328290,668460,530308,Junction,T.V.N.P.,366094,unset,EH166QT,No crossing facility within 50m or physical crossing facility not controlled by authorised person,Pedestrian phase at traffic signal junction,At scene,55.9039385621,-3.14708803519,"{""type"": ""Feature"",""geometry"": {""type"": ""Point"",""coordinates"": -3.14708803519, 55.9039385621}}"
601112,,Slight,2,1,28/10/2012,Sunday,28,October,12,8,0,230,C,,Single carriageway - 2 lanes,30,Not at or within 20 metres of junction,unset,\,,Daylight: no street lighting,Fine (without high winds),Dry,None,None,No overtaking,328250,668490,562978,Segment,T.V.N.P.,366095,unset,EH166TZ,No crossing facility within 50m or physical crossing facility not controlled by authorised person,No physical crossing facility within 50m,At scene,55.9042021243,-3.14773569897,"{""type"": ""Feature"",""geometry"": {""type"": ""Point"",""coordinates"": -3.14773569897, 55.9042021243}}"