acc_ref,beat_no,severity,no_vehicle,no_casualt,a_date,a_day,a_date_day,a_date_mon,a_date_yr,a_time_hr,a_time_min,loc_auth,road1_class,road1_no,road_type,speed_limi,junc_det,junc_ctrl,road2_class,road2_no,light_cond,weather,road_surf,spec_cond,cway_hzrds,ovrtk_patrn,easting,northing,net_id,net_type,acc_type,text_id,division,Postcode,ped_xing_hc,ped_xing_p,place_reported,latitude,longitude,geojson
669712,,Slight,2,1,27/11/2012,Tuesday,27,November,12,15,50,230,Unclassified,,Single carriageway - 2 lanes,30,Not at or within 20 metres of junction,unset,\,,Daylight: no street lighting,Fine (without high winds),Dry,None,None,No overtaking,319340,672600,551761,Segment,Cyclist,363304,unset,EH127UH,No crossing facility within 50m or physical crossing facility not controlled by authorised person,No physical crossing facility within 50m,Elsewhere,55.939714183,-3.29145172243,"{""type"": ""Feature"",""geometry"": {""type"": ""Point"",""coordinates"": -3.29145172243, 55.939714183}}"
670712,,Serious,1,1,28/11/2012,Wednesday,28,November,12,1,15,230,A,702,Single carriageway - 2 lanes,30,Crossroads,Automatic Traffic Signal,C,,Daylight: no street lighting,Fine (without high winds),Dry,None,None,No overtaking,324930,672780,533329,Junction,Pedestrian,363305,unset,EH39NA,Control by other authorised person,Pedestrian phase at traffic signal junction,At scene,55.9422366919,-3.20202298304,"{""type"": ""Feature"",""geometry"": {""type"": ""Point"",""coordinates"": -3.20202298304, 55.9422366919}}"
671912,,Slight,2,1,28/11/2012,Wednesday,28,November,12,15,20,230,Unclassified,,Single carriageway - 2 lanes,40,Crossroads,Automatic Traffic Signal,A,1,Daylight: street lights present,Fine (without high winds),Dry,None,None,No overtaking,331220,672930,531097,Junction,T.V.N.P.,363306,unset,EH153QH,No crossing facility within 50m or physical crossing facility not controlled by authorised person,Pedestrian phase at traffic signal junction,Elsewhere,55.9445254882,-3.10136745327,"{""type"": ""Feature"",""geometry"": {""type"": ""Point"",""coordinates"": -3.10136745327, 55.9445254882}}"
672312,,Slight,3,2,28/11/2012,Wednesday,28,November,12,17,0,230,A,199,Single carriageway - 2 lanes,30,'T' or staggered junction,Automatic Traffic Signal,C,,Darkness: street lights present and lit,Fine (without high winds),Dry,None,None,No overtaking,328220,675980,523242,Junction,M.V.N.P.,363307,unset,EH67JZ,No crossing facility within 50m or physical crossing facility not controlled by authorised person,"Pelican, puffin, toucan or similar non-junction pedestrian light crossing",At scene,55.9714880345,-3.15020785748,"{""type"": ""Feature"",""geometry"": {""type"": ""Point"",""coordinates"": -3.15020785748, 55.9714880345}}"
672512,,Slight,1,2,28/11/2012,Wednesday,28,November,12,0,47,230,A,71,Single carriageway - 2 lanes,50,'T' or staggered junction,Give way sign or markings,Unclassified,,Darkness: no street lighting,Fine (without high winds),Dry,None,None,No overtaking,313300,668500,517828,Junction,S.V.N.P.,363308,unset,EH278ED,No crossing facility within 50m or physical crossing facility not controlled by authorised person,No physical crossing facility within 50m,At scene,55.9018316336,-3.38681186885,"{""type"": ""Feature"",""geometry"": {""type"": ""Point"",""coordinates"": -3.38681186885, 55.9018316336}}"
673312,,Slight,1,1,29/11/2012,Thursday,29,November,12,8,10,230,B,6415,Single carriageway - 2 lanes,30,Crossroads,Automatic Traffic Signal,C,,Daylight: street lighting unknown,Fine (without high winds),Dry,None,None,No overtaking,330520,673870,523602,Junction,Pedestrian,363309,unset,EH151LH,Control by school crossing patrol,Pedestrian phase at traffic signal junction,At scene,55.95286989,-3.11281631919,"{""type"": ""Feature"",""geometry"": {""type"": ""Point"",""coordinates"": -3.11281631919, 55.95286989}}"
673512,,Slight,3,1,28/11/2012,Wednesday,28,November,12,13,55,230,A,1140,Single carriageway - 2 lanes,30,Other junction,Give way sign or markings,Unclassified,,Daylight: street lights present,Fine (without high winds),Dry,None,None,No overtaking,329300,674290,523434,Junction,M.V.N.P.,363310,unset,EH76RY,No crossing facility within 50m or physical crossing facility not controlled by authorised person,Pedestrian phase at traffic signal junction,At scene,55.9564652359,-3.13246217459,"{""type"": ""Feature"",""geometry"": {""type"": ""Point"",""coordinates"": -3.13246217459, 55.9564652359}}"
674712,,Slight,3,1,29/11/2012,Thursday,29,November,12,16,40,230,Motorway,8,Roundabout,50,Roundabout,Automatic Traffic Signal,Motorway,8,Darkness: street lights present and lit,Fine (without high winds),Dry,None,None,No overtaking,318130,670900,6452865,Junction,M.V.N.P.,363311,unset,EH129BU,No crossing facility within 50m or physical crossing facility not controlled by authorised person,No physical crossing facility within 50m,At scene,55.9242377047,-3.31030386686,"{""type"": ""Feature"",""geometry"": {""type"": ""Point"",""coordinates"": -3.31030386686, 55.9242377047}}"
675012,,Slight,1,1,30/11/2012,Friday,30,November,12,1,20,230,A,720,Dual carriageway - 2 lanes,70,Not at or within 20 metres of junction,unset,\,,Darkness: no street lighting,Fine (without high winds),Dry,None,None,No overtaking,327000,666970,2588155,Segment,S.V.N.P.,363312,unset,EH209NR,No crossing facility within 50m or physical crossing facility not controlled by authorised person,No physical crossing facility within 50m,At scene,55.8903584612,-3.16731632376,"{""type"": ""Feature"",""geometry"": {""type"": ""Point"",""coordinates"": -3.16731632376, 55.8903584612}}"
676912,,Slight,2,1,28/11/2012,Wednesday,28,November,12,17,25,230,Unclassified,,Single carriageway - 2 lanes,30,'T' or staggered junction,Give way sign or markings,Unclassified,,Darkness: street lights present and lit,Fine (without high winds),Dry,None,None,No overtaking,323200,672040,521976,Junction,Cyclist,363313,unset,EH111PJ,No crossing facility within 50m or physical crossing facility not controlled by authorised person,No physical crossing facility within 50m,Elsewhere,55.9353154206,-3.22950607865,"{""type"": ""Feature"",""geometry"": {""type"": ""Point"",""coordinates"": -3.22950607865, 55.9353154206}}"
677212,,Slight,2,1,23/11/2012,Friday,23,November,12,23,19,230,A,902,Single carriageway - 2 lanes,30,'T' or staggered junction,Give way sign or markings,Unclassified,,Darkness: street lights present and lit,Fine (without high winds),Dry,None,None,No overtaking,322830,675450,519795,Junction,T.V.N.P.,363314,unset,EH42PS,No crossing facility within 50m or physical crossing facility not controlled by authorised person,No physical crossing facility within 50m,At scene,55.9658906917,-3.2364039048,"{""type"": ""Feature"",""geometry"": {""type"": ""Point"",""coordinates"": -3.2364039048, 55.9658906917}}"
678912,,Slight,1,1,01/12/2012,Saturday,1,December,12,10,40,230,A,701,Single carriageway - 2 lanes,30,Crossroads,Automatic Traffic Signal,Unclassified,,Daylight: street lights present,Fine (without high winds),Dry,None,None,No overtaking,326730,671810,529477,Junction,Pedestrian,363502,unset,EH92BU,No crossing facility within 50m or physical crossing facility not controlled by authorised person,Pedestrian phase at traffic signal junction,At scene,55.9337999932,-3.17294482503,"{""type"": ""Feature"",""geometry"": {""type"": ""Point"",""coordinates"": -3.17294482503, 55.9337999932}}"
679612,,Slight,2,1,01/12/2012,Saturday,1,December,12,15,0,230,B,9080,Single carriageway - 2 lanes,60,'T' or staggered junction,Give way sign or markings,Unclassified,,Daylight: no street lighting,Other,Dry,None,None,No overtaking,316840,676090,0,Unset,T.V.N.P.,363503,unset,EH309TL,No crossing facility within 50m or physical crossing facility not controlled by authorised person,No physical crossing facility within 50m,At scene,55.9706402429,-3.33254407837,"{""type"": ""Feature"",""geometry"": {""type"": ""Point"",""coordinates"": -3.33254407837, 55.9706402429}}"
679712,,Slight,1,1,01/12/2012,Saturday,1,December,12,16,37,230,A,900,Dual carriageway - 2 lanes,30,Other junction,Give way sign or markings,A,900,Darkness: street lights present and lit,Fine (without high winds),Dry,None,None,No overtaking,326170,674600,520254,Junction,Pedestrian,363504,unset,EH74AB,No crossing facility within 50m or physical crossing facility not controlled by authorised person,Pedestrian phase at traffic signal junction,At scene,55.9587794503,-3.18267121703,"{""type"": ""Feature"",""geometry"": {""type"": ""Point"",""coordinates"": -3.18267121703, 55.9587794503}}"
680612,,Slight,2,1,02/12/2012,Sunday,2,December,12,10,0,230,Unclassified,,Single carriageway - 2 lanes,30,Not at or within 20 metres of junction,unset,\,,Daylight: street lights present,Fine (without high winds),Dry,None,None,No overtaking,312460,672440,12231309,Segment,T.V.N.P.,363505,unset,EH288PJ,No crossing facility within 50m or physical crossing facility not controlled by authorised person,No physical crossing facility within 50m,At scene,55.9370733481,-3.40152027016,"{""type"": ""Feature"",""geometry"": {""type"": ""Point"",""coordinates"": -3.40152027016, 55.9370733481}}"
681012,,Slight,2,1,02/12/2012,Sunday,2,December,12,10,28,230,Unclassified,,Single carriageway - 2 lanes,30,Crossroads,Give way sign or markings,Unclassified,,Daylight: street lights present,Fine (without high winds),Dry,None,None,No overtaking,323440,671620,522249,Junction,Cyclist,363506,unset,EH111RG,No crossing facility within 50m or physical crossing facility not controlled by authorised person,No physical crossing facility within 50m,At scene,55.9315805042,-3.22554573422,"{""type"": ""Feature"",""geometry"": {""type"": ""Point"",""coordinates"": -3.22554573422, 55.9315805042}}"
681112,,Slight,2,1,26/11/2012,Monday,26,November,12,23,30,230,A,7,Single carriageway - 2 lanes,30,'T' or staggered junction,Automatic Traffic Signal,Unclassified,,Darkness: street lights present and lit,Fine (without high winds),Dry,None,None,No overtaking,326000,673410,521589,Junction,Cyclist,363315,unset,EH89AA,No crossing facility within 50m or physical crossing facility not controlled by authorised person,Pedestrian phase at traffic signal junction,At scene,55.9480624625,-3.18506710894,"{""type"": ""Feature"",""geometry"": {""type"": ""Point"",""coordinates"": -3.18506710894, 55.9480624625}}"
681512,,Serious,1,1,30/11/2012,Friday,30,November,12,20,10,230,B,701,Dual carriageway - 2 lanes,30,'T' or staggered junction,Automatic Traffic Signal,Unclassified,,Darkness: street lights present and lit,Raining (without high winds),Dry,None,None,No overtaking,319620,669940,12201412,Junction,Pedestrian,363316,unset,EH142SW,No crossing facility within 50m or physical crossing facility not controlled by authorised person,Pedestrian phase at traffic signal junction,At scene,55.9158647409,-3.28617806521,"{""type"": ""Feature"",""geometry"": {""type"": ""Point"",""coordinates"": -3.28617806521, 55.9158647409}}"
681712,,Slight,1,1,02/12/2012,Sunday,2,December,12,17,0,230,C,,Single carriageway - 2 lanes,30,Not at or within 20 metres of junction,unset,\,,Darkness: street lights present and lit,Fine (without high winds),Dry,None,None,No overtaking,326250,673550,2106511,Segment,Pedestrian,363507,unset,EH88AE,Control by other authorised person,Pedestrian phase at traffic signal junction,At scene,55.9493586395,-3.18110275116,"{""type"": ""Feature"",""geometry"": {""type"": ""Point"",""coordinates"": -3.18110275116, 55.9493586395}}"
681912,,Slight,2,1,30/11/2012,Friday,30,November,12,18,0,230,C,,Roundabout,30,Roundabout,Automatic Traffic Signal,C,,Darkness: street lights present and lit,Raining (without high winds),Dry,None,None,No overtaking,325140,673990,521070,Junction,Cyclist,363317,unset,EH22JG,No crossing facility within 50m or physical crossing facility not controlled by authorised person,Zebra crossing,At scene,55.9531399071,-3.19899717084,"{""type"": ""Feature"",""geometry"": {""type"": ""Point"",""coordinates"": -3.19899717084, 55.9531399071}}"
682312,,Slight,2,1,03/12/2012,Monday,3,December,12,10,0,230,C,,Single carriageway - 2 lanes,30,Not at or within 20 metres of junction,unset,\,,Daylight: street lights present,Fine (without high winds),Dry,None,None,No overtaking,322740,672740,559290,Segment,Cyclist,363508,unset,EH125NB,No crossing facility within 50m or physical crossing facility not controlled by authorised person,No physical crossing facility within 50m,At scene,55.9415303461,-3.23706880827,"{""type"": ""Feature"",""geometry"": {""type"": ""Point"",""coordinates"": -3.23706880827, 55.9415303461}}"
682612,,Slight,2,1,03/12/2012,Monday,3,December,12,13,0,230,A,1140,Single carriageway - 2 lanes,30,Not at or within 20 metres of junction,unset,\,,Daylight: street lights present,Raining (without high winds),Dry,None,None,No overtaking,329180,674270,554918,Segment,T.V.N.P.,363509,unset,EH76RS,No crossing facility within 50m or physical crossing facility not controlled by authorised person,"Pelican, puffin, toucan or similar non-junction pedestrian light crossing",At scene,55.9562678811,-3.1343786384,"{""type"": ""Feature"",""geometry"": {""type"": ""Point"",""coordinates"": -3.1343786384, 55.9562678811}}"
682712,,Slight,2,1,03/12/2012,Monday,3,December,12,8,28,230,Unclassified,,Roundabout,30,Roundabout,Give way sign or markings,Unclassified,,Daylight: street lights present,Snowing (without high winds),Dry,None,None,No overtaking,326530,676900,0,Unset,Cyclist,363510,unset,EH66NE,No crossing facility within 50m or physical crossing facility not controlled by authorised person,No physical crossing facility within 50m,Elsewhere,55.9794975998,-3.17753326311,"{""type"": ""Feature"",""geometry"": {""type"": ""Point"",""coordinates"": -3.17753326311, 55.9794975998}}"
682812,,Slight,1,1,03/12/2012,Monday,3,December,12,16,9,230,Unclassified,,Single carriageway - 2 lanes,30,Not at or within 20 metres of junction,unset,\,,Darkness: street lights present and lit,Fine (without high winds),Dry,None,None,No overtaking,321870,669120,564770,Segment,Bus,363511,unset,EH130NR,No crossing facility within 50m or physical crossing facility not controlled by authorised person,No physical crossing facility within 50m,At scene,55.9088686822,-3.24994805675,"{""type"": ""Feature"",""geometry"": {""type"": ""Point"",""coordinates"": -3.24994805675, 55.9088686822}}"
685912,,Slight,2,1,04/12/2012,Tuesday,4,December,12,17,30,230,Unclassified,,Single carriageway - 2 lanes,30,'T' or staggered junction,Give way sign or markings,C,,Darkness: street lights present and lit,Unknown,Dry,None,None,No overtaking,321930,672480,521916,Junction,T.V.N.P.,363512,unset,EH125TT,No crossing facility within 50m or physical crossing facility not controlled by authorised person,No physical crossing facility within 50m,Elsewhere,55.9390637198,-3.24995965035,"{""type"": ""Feature"",""geometry"": {""type"": ""Point"",""coordinates"": -3.24995965035, 55.9390637198}}"
686812,,Slight,2,1,23/10/2012,Tuesday,23,October,12,8,56,230,A,702,Single carriageway - 2 lanes,30,Not at or within 20 metres of junction,unset,\,,Daylight: no street lighting,Fine (without high winds),Dry,None,None,No overtaking,324720,673640,520947,Junction,Cyclist,366112,unset,EH12DA,No crossing facility within 50m or physical crossing facility not controlled by authorised person,No physical crossing facility within 50m,At scene,55.9499299497,-3.20562471592,"{""type"": ""Feature"",""geometry"": {""type"": ""Point"",""coordinates"": -3.20562471592, 55.9499299497}}"
687712,,Slight,1,1,05/12/2012,Wednesday,5,December,12,16,0,230,A,70,Single carriageway - 2 lanes,30,'T' or staggered junction,Automatic Traffic Signal,Unclassified,,Darkness: street lights present and lit,Fine (without high winds),Dry,None,None,No overtaking,316430,666980,517927,Junction,Bus,363513,unset,EH147AN,No crossing facility within 50m or physical crossing facility not controlled by authorised person,Pedestrian phase at traffic signal junction,At scene,55.8887302917,-3.33629201279,"{""type"": ""Feature"",""geometry"": {""type"": ""Point"",""coordinates"": -3.33629201279, 55.8887302917}}"
688312,,Slight,3,1,05/12/2012,Wednesday,5,December,12,16,20,230,A,720,Dual carriageway - 2 lanes,70,Not at or within 20 metres of junction,unset,\,,Darkness: no street lighting,Fine (without high winds),Dry,None,None,No overtaking,323050,668060,570549,Segment,M.V.N.P.,363514,unset,EH107DS,No crossing facility within 50m or physical crossing facility not controlled by authorised person,No physical crossing facility within 50m,At scene,55.8995359466,-3.23077335558,"{""type"": ""Feature"",""geometry"": {""type"": ""Point"",""coordinates"": -3.23077335558, 55.8995359466}}"
688412,,Serious,1,1,04/12/2012,Tuesday,4,December,12,11,13,230,A,702,Single carriageway - 2 lanes,30,'T' or staggered junction,Automatic Traffic Signal,Unclassified,,Daylight: street lights present,Fine (without high winds),Dry,None,None,No overtaking,324760,673430,10254972,Junction,Pedestrian,363515,unset,EH12DA,No crossing facility within 50m or physical crossing facility not controlled by authorised person,Central refuge - no other controls,At scene,55.948049609,-3.2049256723,"{""type"": ""Feature"",""geometry"": {""type"": ""Point"",""coordinates"": -3.2049256723, 55.948049609}}"
688712,,Slight,3,2,05/10/2012,Friday,5,October,12,20,30,230,Unclassified,,Single carriageway - 2 lanes,30,'T' or staggered junction,Give way sign or markings,Unclassified,,Darkness: street lights present and lit,Fine (without high winds),Dry,None,None,No overtaking,326640,672530,531406,Junction,M.V.N.P.,366113,unset,EH165BR,No crossing facility within 50m or physical crossing facility not controlled by authorised person,Pedestrian phase at traffic signal junction,At scene,55.9402547153,-3.17458098098,"{""type"": ""Feature"",""geometry"": {""type"": ""Point"",""coordinates"": -3.17458098098, 55.9402547153}}"
688812,,Slight,2,1,05/12/2012,Wednesday,5,December,12,15,51,230,C,,Single carriageway - 2 lanes,30,Roundabout,Give way sign or markings,B,900,Darkness: street lights present and lit,Fine (without high winds),Dry,None,None,No overtaking,323520,674640,520101,Junction,Bus,363516,unset,EH42DL,No crossing facility within 50m or physical crossing facility not controlled by authorised person,No physical crossing facility within 50m,At scene,55.9587242304,-3.22512177783,"{""type"": ""Feature"",""geometry"": {""type"": ""Point"",""coordinates"": -3.22512177783, 55.9587242304}}"
691012,,Slight,2,1,05/12/2012,Wednesday,5,December,12,22,0,230,Unclassified,,Single carriageway - 2 lanes,30,Crossroads,Give way sign or markings,Unclassified,,Darkness: street lights present and lit,Other,Dry,None,None,No overtaking,324220,673710,10258599,Junction,T.V.N.P.,363517,unset,EH37HR,No crossing facility within 50m or physical crossing facility not controlled by authorised person,No physical crossing facility within 50m,At scene,55.9504802304,-3.21364997842,"{""type"": ""Feature"",""geometry"": {""type"": ""Point"",""coordinates"": -3.21364997842, 55.9504802304}}"
691212,,Slight,1,1,07/12/2012,Friday,7,December,12,6,50,230,Unclassified,,Single carriageway - 2 lanes,30,'T' or staggered junction,Give way sign or markings,Unclassified,,Darkness: street lights present and lit,Other,Dry,None,None,No overtaking,326000,673040,521574,Junction,S.V.N.P.,363518,unset,EH89BT,Control by other authorised person,"Pelican, puffin, toucan or similar non-junction pedestrian light crossing",At scene,55.9447384185,-3.18496558849,"{""type"": ""Feature"",""geometry"": {""type"": ""Point"",""coordinates"": -3.18496558849, 55.9447384185}}"
691312,,Slight,1,1,07/12/2012,Friday,7,December,12,6,0,230,A,720,Dual carriageway - 2 lanes,70,Not at or within 20 metres of junction,unset,\,,Darkness: no street lighting,Snowing (without high winds),Dry,None,None,No overtaking,323560,668020,570534,Segment,S.V.N.P.,363519,unset,EH107DS,No crossing facility within 50m or physical crossing facility not controlled by authorised person,No physical crossing facility within 50m,At scene,55.8992578332,-3.2226069746,"{""type"": ""Feature"",""geometry"": {""type"": ""Point"",""coordinates"": -3.2226069746, 55.8992578332}}"
692012,,Slight,2,1,07/12/2012,Friday,7,December,12,8,45,230,B,701,Single carriageway - 2 lanes,30,Other junction,Give way sign or markings,Unclassified,,Daylight: street lights present,Fine (without high winds),Dry,None,None,No overtaking,322400,668760,533032,Junction,Cyclist,363520,unset,EH130BX,No crossing facility within 50m or physical crossing facility not controlled by authorised person,No physical crossing facility within 50m,Elsewhere,55.9057202682,-3.24136787154,"{""type"": ""Feature"",""geometry"": {""type"": ""Point"",""coordinates"": -3.24136787154, 55.9057202682}}"
693512,,Slight,2,1,06/12/2012,Thursday,6,December,12,18,14,230,C,,Single carriageway - 2 lanes,30,Crossroads,Give way sign or markings,Unclassified,,Darkness: street lights present and lit,Raining (without high winds),Dry,None,None,No overtaking,327000,675000,519864,Junction,Cyclist,363521,unset,EH75NA,No crossing facility within 50m or physical crossing facility not controlled by authorised person,"Pelican, puffin, toucan or similar non-junction pedestrian light crossing",At scene,55.9624998649,-3.16948707637,"{""type"": ""Feature"",""geometry"": {""type"": ""Point"",""coordinates"": -3.16948707637, 55.9624998649}}"
694412,,Serious,1,2,07/12/2012,Friday,7,December,12,15,43,230,A,902,Single carriageway - 2 lanes,30,Not at or within 20 metres of junction,unset,\,,Darkness: street lights present and lit,Raining (without high winds),Dry,None,None,No overtaking,322740,675160,563664,Segment,Pedestrian,363522,unset,EH42PX,No crossing facility within 50m or physical crossing facility not controlled by authorised person,Central refuge - no other controls,At scene,55.9632709488,-3.23776231951,"{""type"": ""Feature"",""geometry"": {""type"": ""Point"",""coordinates"": -3.23776231951, 55.9632709488}}"
694812,,Fatal,1,1,08/12/2012,Saturday,8,December,12,1,20,230,C,,Single carriageway - 2 lanes,30,Crossroads,Automatic Traffic Signal,Unclassified,,Darkness: street lights present and lit,Fine (without high winds),Dry,None,None,No overtaking,325260,674330,520530,Junction,Pedestrian,363523,unset,EH36QG,No crossing facility within 50m or physical crossing facility not controlled by authorised person,Pedestrian phase at traffic signal junction,At scene,55.956213097,-3.19716993119,"{""type"": ""Feature"",""geometry"": {""type"": ""Point"",""coordinates"": -3.19716993119, 55.956213097}}"
694912,,Serious,1,1,08/12/2012,Saturday,8,December,12,20,0,230,Unclassified,,Single carriageway - 2 lanes,30,Other junction,Give way sign or markings,C,,Darkness: street lights present and lit,Raining (without high winds),Dry,None,None,No overtaking,326280,675570,519445,Junction,Pedestrian,363524,unset,EH65BB,No crossing facility within 50m or physical crossing facility not controlled by authorised person,No physical crossing facility within 50m,At scene,55.9675107174,-3.18117498832,"{""type"": ""Feature"",""geometry"": {""type"": ""Point"",""coordinates"": -3.18117498832, 55.9675107174}}"
696712,,Slight,1,1,08/12/2012,Saturday,8,December,12,23,27,230,Unclassified,,Single carriageway - 2 lanes,20,Crossroads,Automatic Traffic Signal,C,,Daylight: no street lighting,Raining (without high winds),Dry,None,None,No overtaking,325260,674300,520530,Junction,Pedestrian,363525,unset,EH21JX,Control by other authorised person,Pedestrian phase at traffic signal junction,At scene,55.9559435815,-3.1971616124,"{""type"": ""Feature"",""geometry"": {""type"": ""Point"",""coordinates"": -3.1971616124, 55.9559435815}}"
697112,,Slight,1,1,08/12/2012,Saturday,8,December,12,16,0,230,Unclassified,,Single carriageway - 2 lanes,30,'T' or staggered junction,Give way sign or markings,A,900,Daylight: no street lighting,Fine (without high winds),Dry,None,None,No overtaking,326510,675030,523233,Junction,Pedestrian,363526,unset,EH74NZ,Control by other authorised person,Pedestrian phase at traffic signal junction,At scene,55.9626946628,-3.17734338316,"{""type"": ""Feature"",""geometry"": {""type"": ""Point"",""coordinates"": -3.17734338316, 55.9626946628}}"
697812,,Serious,1,1,05/12/2012,Wednesday,5,December,12,17,16,230,Unclassified,,Single carriageway - 2 lanes,30,'T' or staggered junction,Give way sign or markings,B,901,Daylight: no street lighting,Fine (without high winds),Dry,None,None,No overtaking,325810,674560,520194,Junction,Pedestrian,363527,unset,EH13SB,Control by other authorised person,Pedestrian phase at traffic signal junction,At scene,55.958364634,-3.18842559686,"{""type"": ""Feature"",""geometry"": {""type"": ""Point"",""coordinates"": -3.18842559686, 55.958364634}}"
698512,,Slight,2,1,10/12/2012,Monday,10,December,12,11,40,230,C,,One way Street,30,'T' or staggered junction,Give way sign or markings,Unclassified,,Daylight: no street lighting,Fine (without high winds),Dry,None,None,No overtaking,325710,673290,521535,Junction,Cyclist,363528,unset,EH11EY,Control by other authorised person,Pedestrian phase at traffic signal junction,At scene,55.9469396554,-3.18967711018,"{""type"": ""Feature"",""geometry"": {""type"": ""Point"",""coordinates"": -3.18967711018, 55.9469396554}}"
698712,,Fatal,1,1,10/12/2012,Monday,10,December,12,11,25,230,Unclassified,,Single carriageway - 2 lanes,30,Other junction,Give way sign or markings,Unclassified,,Daylight: street lights present,Fine (without high winds),Dry,None,None,No overtaking,316310,666210,12218785,Junction,Pedestrian,363529,unset,EH147LA,No crossing facility within 50m or physical crossing facility not controlled by authorised person,No physical crossing facility within 50m,At scene,55.8817921896,-3.33797222434,"{""type"": ""Feature"",""geometry"": {""type"": ""Point"",""coordinates"": -3.33797222434, 55.8817921896}}"
698912,,Slight,2,2,10/12/2012,Monday,10,December,12,15,2,230,A,71,Dual carriageway - 2 lanes,40,Roundabout,Give way sign or markings,Unclassified,,Daylight: street lights present,Fine (without high winds),Dry,None,None,No overtaking,320090,670840,529672,Junction,T.V.N.P.,363530,unset,EH114AJ,No crossing facility within 50m or physical crossing facility not controlled by authorised person,No physical crossing facility within 50m,At scene,55.9240282873,-3.27892581967,"{""type"": ""Feature"",""geometry"": {""type"": ""Point"",""coordinates"": -3.27892581967, 55.9240282873}}"
699112,,Slight,1,1,10/12/2012,Monday,10,December,12,15,25,230,Unclassified,,Single carriageway - 2 lanes,30,'T' or staggered junction,Give way sign or markings,Unclassified,,Daylight: street lights present,Fine (without high winds),Dry,None,None,No overtaking,322540,675990,0,Unset,Pedestrian,363531,unset,EH44DA,No crossing facility within 50m or physical crossing facility not controlled by authorised person,No physical crossing facility within 50m,Elsewhere,55.9706951967,-3.24120431606,"{""type"": ""Feature"",""geometry"": {""type"": ""Point"",""coordinates"": -3.24120431606, 55.9706951967}}"
699412,,Slight,1,1,10/12/2012,Monday,10,December,12,17,53,230,C,,Single carriageway - 2 lanes,30,Not at or within 20 metres of junction,unset,\,,Darkness: street lights present and lit,Fine (without high winds),Dry,None,None,No overtaking,322960,675680,559982,Segment,Pedestrian,363532,unset,EH42NT,No crossing facility within 50m or physical crossing facility not controlled by authorised person,Pedestrian phase at traffic signal junction,At scene,55.9679778156,-3.23438739739,"{""type"": ""Feature"",""geometry"": {""type"": ""Point"",""coordinates"": -3.23438739739, 55.9679778156}}"
700912,,Slight,1,1,10/12/2012,Monday,10,December,12,11,10,230,Unclassified,,Single carriageway - 2 lanes,30,Not at or within 20 metres of junction,unset,\,,Daylight: street lights present,Fine (without high winds),Dry,None,None,No overtaking,320340,670400,565295,Segment,Bus,363533,unset,EH142PB,No crossing facility within 50m or physical crossing facility not controlled by authorised person,No physical crossing facility within 50m,Elsewhere,55.9201169536,-3.27479603054,"{""type"": ""Feature"",""geometry"": {""type"": ""Point"",""coordinates"": -3.27479603054, 55.9201169536}}"
701012,,Slight,1,1,11/12/2012,Tuesday,11,December,12,16,44,230,Unclassified,,Single carriageway - 2 lanes,30,Multiple junction,Give way sign or markings,Unclassified,,Darkness: street lights present and lit,Other,Dry,None,None,No overtaking,320550,670680,530437,Junction,Pedestrian,363534,unset,EH114RY,No crossing facility within 50m or physical crossing facility not controlled by authorised person,Central refuge - no other controls,At scene,55.9226671012,-3.27151869338,"{""type"": ""Feature"",""geometry"": {""type"": ""Point"",""coordinates"": -3.27151869338, 55.9226671012}}"
701612,,Slight,1,1,11/12/2012,Tuesday,11,December,12,17,30,230,A,702,Single carriageway - 2 lanes,30,'T' or staggered junction,Give way sign or markings,Unclassified,,Darkness: street lights present and lit,Fine (without high winds),Dry,None,None,No overtaking,324920,672830,533344,Junction,Pedestrian,363535,unset,EH39NA,No crossing facility within 50m or physical crossing facility not controlled by authorised person,"Pelican, puffin, toucan or similar non-junction pedestrian light crossing",At scene,55.9426843227,-3.2021969794,"{""type"": ""Feature"",""geometry"": {""type"": ""Point"",""coordinates"": -3.2021969794, 55.9426843227}}"
703012,,Slight,2,1,12/12/2012,Wednesday,12,December,12,7,30,230,Unclassified,,Single carriageway - 2 lanes,30,'T' or staggered junction,Give way sign or markings,Unclassified,,Darkness: street lights present and lit,Fine (without high winds),Dry,None,None,No overtaking,325930,673790,10293610,Junction,T.V.N.P.,363536,unset,EH88DN,No crossing facility within 50m or physical crossing facility not controlled by authorised person,"Pelican, puffin, toucan or similar non-junction pedestrian light crossing",At scene,55.9514655587,-3.18629223336,"{""type"": ""Feature"",""geometry"": {""type"": ""Point"",""coordinates"": -3.18629223336, 55.9514655587}}"